subjID	participant	shift	activity	ballooncount	explosion	pumps
15D11	15	D1	1	1	1	30
15D11	15	D1	1	2	0	55
15D11	15	D1	1	3	0	20
15D11	15	D1	1	4	0	86
15D11	15	D1	1	5	0	43
15D11	15	D1	1	6	1	88
15D11	15	D1	1	7	0	36
15D11	15	D1	1	8	1	88
15D11	15	D1	1	9	0	50
15D11	15	D1	1	10	0	32
15D11	15	D1	1	11	0	90
15D11	15	D1	1	12	0	27
15D11	15	D1	1	13	0	48
15D11	15	D1	1	14	1	77
15D11	15	D1	1	15	1	77
15D11	15	D1	1	16	1	44
15D11	15	D1	1	17	0	44
15D11	15	D1	1	18	1	90
15D11	15	D1	1	19	0	56
15D11	15	D1	1	20	1	30
15D11	15	D1	1	21	1	30
15D11	15	D1	1	22	1	30
15D11	15	D1	1	23	1	10
15D11	15	D1	1	24	0	50
15D11	15	D1	1	25	1	84
15D11	15	D1	1	26	0	84
15D11	15	D1	1	27	0	62
15D11	15	D1	1	28	0	40
15D11	15	D1	1	29	0	90
15D11	15	D1	1	30	0	17
15D12	15	D1	2	1	1	90
15D12	15	D1	2	2	0	40
15D12	15	D1	2	3	0	20
15D12	15	D1	2	4	1	80
15D12	15	D1	2	5	0	76
15D12	15	D1	2	6	0	50
15D12	15	D1	2	7	1	90
15D12	15	D1	2	8	1	55
15D12	15	D1	2	9	1	70
15D12	15	D1	2	10	1	30
15D12	15	D1	2	11	0	20
15D12	15	D1	2	12	0	40
15D12	15	D1	2	13	1	60
15D12	15	D1	2	14	1	50
15D12	15	D1	2	15	0	46
15D12	15	D1	2	16	1	46
15D12	15	D1	2	17	0	75
15D12	15	D1	2	18	1	30
15D12	15	D1	2	19	0	40
15D12	15	D1	2	20	1	28
15D12	15	D1	2	21	1	36
15D12	15	D1	2	22	1	77
15D12	15	D1	2	23	0	12
15D12	15	D1	2	24	0	14
15D12	15	D1	2	25	0	48
15D12	15	D1	2	26	1	68
15D12	15	D1	2	27	0	64
15D12	15	D1	2	28	1	30
15D12	15	D1	2	29	0	30
15D12	15	D1	2	30	1	73
15D21	15	D2	1	1	0	64
15D21	15	D2	1	2	0	64
15D21	15	D2	1	3	1	64
15D21	15	D2	1	4	0	64
15D21	15	D2	1	5	0	64
15D21	15	D2	1	6	1	64
15D21	15	D2	1	7	1	64
15D21	15	D2	1	8	0	64
15D21	15	D2	1	9	0	64
15D21	15	D2	1	10	0	64
15D21	15	D2	1	11	0	64
15D21	15	D2	1	12	1	64
15D21	15	D2	1	13	0	64
15D21	15	D2	1	14	1	64
15D21	15	D2	1	15	0	64
15D21	15	D2	1	16	1	64
15D21	15	D2	1	17	1	64
15D21	15	D2	1	18	1	64
15D21	15	D2	1	19	1	64
15D21	15	D2	1	20	0	64
15D21	15	D2	1	21	1	64
15D21	15	D2	1	22	0	64
15D21	15	D2	1	23	1	64
15D21	15	D2	1	24	1	64
15D21	15	D2	1	25	1	64
15D21	15	D2	1	26	1	64
15D21	15	D2	1	27	1	64
15D21	15	D2	1	28	0	64
15D21	15	D2	1	29	1	64
15D21	15	D2	1	30	1	64
15D22	15	D2	2	1	1	100
15D22	15	D2	2	2	0	32
15D22	15	D2	2	3	0	11
15D22	15	D2	2	4	0	64
15D22	15	D2	2	5	1	64
15D22	15	D2	2	6	1	64
15D22	15	D2	2	7	0	64
15D22	15	D2	2	8	0	64
15D22	15	D2	2	9	1	64
15D22	15	D2	2	10	1	64
15D22	15	D2	2	11	0	50
15D22	15	D2	2	12	0	50
15D22	15	D2	2	13	0	64
15D22	15	D2	2	14	1	64
15D22	15	D2	2	15	0	64
15D22	15	D2	2	16	0	64
15D22	15	D2	2	17	0	64
15D22	15	D2	2	18	0	64
15D22	15	D2	2	19	0	64
15D22	15	D2	2	20	0	64
15D22	15	D2	2	21	0	64
15D22	15	D2	2	22	0	64
15D22	15	D2	2	23	1	64
15D22	15	D2	2	24	1	64
15D22	15	D2	2	25	0	64
15D22	15	D2	2	26	1	64
15D22	15	D2	2	27	0	64
15D22	15	D2	2	28	0	64
15D22	15	D2	2	29	1	64
15D22	15	D2	2	30	0	100
15N11	15	N1	1	1	1	100
15N11	15	N1	1	2	1	100
15N11	15	N1	1	3	0	50
15N11	15	N1	1	4	0	50
15N11	15	N1	1	5	1	64
15N11	15	N1	1	6	1	100
15N11	15	N1	1	7	1	64
15N11	15	N1	1	8	0	64
15N11	15	N1	1	9	1	100
15N11	15	N1	1	10	0	100
15N11	15	N1	1	11	0	64
15N11	15	N1	1	12	1	64
15N11	15	N1	1	13	1	64
15N11	15	N1	1	14	0	64
15N11	15	N1	1	15	1	100
15N11	15	N1	1	16	1	100
15N11	15	N1	1	17	1	64
15N11	15	N1	1	18	0	64
15N11	15	N1	1	19	1	64
15N11	15	N1	1	20	1	64
15N11	15	N1	1	21	0	64
15N11	15	N1	1	22	1	64
15N11	15	N1	1	23	0	64
15N11	15	N1	1	24	0	64
15N11	15	N1	1	25	0	64
15N11	15	N1	1	26	1	64
15N11	15	N1	1	27	0	64
15N11	15	N1	1	28	1	64
15N11	15	N1	1	29	1	64
15N11	15	N1	1	30	1	100
15N12	15	N1	2	1	0	64
15N12	15	N1	2	2	0	64
15N12	15	N1	2	3	1	64
15N12	15	N1	2	4	0	64
15N12	15	N1	2	5	1	64
15N12	15	N1	2	6	0	64
15N12	15	N1	2	7	0	64
15N12	15	N1	2	8	0	64
15N12	15	N1	2	9	1	64
15N12	15	N1	2	10	1	64
15N12	15	N1	2	11	1	64
15N12	15	N1	2	12	0	64
15N12	15	N1	2	13	1	64
15N12	15	N1	2	14	1	64
15N12	15	N1	2	15	1	64
15N12	15	N1	2	16	0	64
15N12	15	N1	2	17	1	64
15N12	15	N1	2	18	0	64
15N12	15	N1	2	19	1	64
15N12	15	N1	2	20	0	64
15N12	15	N1	2	21	1	64
15N12	15	N1	2	22	0	64
15N12	15	N1	2	23	0	64
15N12	15	N1	2	24	0	64
15N12	15	N1	2	25	0	64
15N12	15	N1	2	26	0	64
15N12	15	N1	2	27	1	64
15N12	15	N1	2	28	1	64
15N12	15	N1	2	29	0	64
15N12	15	N1	2	30	0	64
15N21	15	N2	1	1	0	100
15N21	15	N2	1	2	1	64
15N21	15	N2	1	3	0	64
15N21	15	N2	1	4	0	100
15N21	15	N2	1	5	0	64
15N21	15	N2	1	6	1	64
15N21	15	N2	1	7	1	64
15N21	15	N2	1	8	0	64
15N21	15	N2	1	9	0	64
15N21	15	N2	1	10	1	64
15N21	15	N2	1	11	0	64
15N21	15	N2	1	12	0	64
15N21	15	N2	1	13	1	64
15N21	15	N2	1	14	1	64
15N21	15	N2	1	15	1	64
15N21	15	N2	1	16	0	64
15N21	15	N2	1	17	0	64
15N21	15	N2	1	18	0	100
15N21	15	N2	1	19	1	64
15N21	15	N2	1	20	1	100
15N21	15	N2	1	21	1	64
15N21	15	N2	1	22	0	64
15N21	15	N2	1	23	0	64
15N21	15	N2	1	24	0	64
15N21	15	N2	1	25	1	100
15N21	15	N2	1	26	1	64
15N21	15	N2	1	27	1	64
15N21	15	N2	1	28	1	64
15N21	15	N2	1	29	0	64
15N21	15	N2	1	30	1	64
15N22	15	N2	2	1	1	64
15N22	15	N2	2	2	1	64
15N22	15	N2	2	3	0	64
15N22	15	N2	2	4	0	64
15N22	15	N2	2	5	0	64
15N22	15	N2	2	6	0	64
15N22	15	N2	2	7	0	64
15N22	15	N2	2	8	1	64
15N22	15	N2	2	9	0	64
15N22	15	N2	2	10	1	64
15N22	15	N2	2	11	1	64
15N22	15	N2	2	12	0	64
15N22	15	N2	2	13	1	64
15N22	15	N2	2	14	1	64
15N22	15	N2	2	15	0	64
15N22	15	N2	2	16	0	64
15N22	15	N2	2	17	0	64
15N22	15	N2	2	18	1	64
15N22	15	N2	2	19	0	64
15N22	15	N2	2	20	1	64
15N22	15	N2	2	21	1	64
15N22	15	N2	2	22	0	64
15N22	15	N2	2	23	1	64
15N22	15	N2	2	24	0	64
15N22	15	N2	2	25	1	64
15N22	15	N2	2	26	0	64
15N22	15	N2	2	27	0	64
15N22	15	N2	2	28	0	64
15N22	15	N2	2	29	0	64
15N22	15	N2	2	30	0	64
16D11	16	D1	1	1	0	64
16D11	16	D1	1	2	0	30
16D11	16	D1	1	3	1	64
16D11	16	D1	1	4	1	60
16D11	16	D1	1	5	0	30
16D11	16	D1	1	6	1	100
16D11	16	D1	1	7	0	64
16D11	16	D1	1	8	0	50
16D11	16	D1	1	9	0	48
16D11	16	D1	1	10	0	21
16D11	16	D1	1	11	0	50
16D11	16	D1	1	12	1	80
16D11	16	D1	1	13	0	21
16D11	16	D1	1	14	0	42
16D11	16	D1	1	15	1	37
16D11	16	D1	1	16	0	38
16D11	16	D1	1	17	0	80
16D11	16	D1	1	18	1	72
16D11	16	D1	1	19	1	55
16D11	16	D1	1	20	0	22
16D11	16	D1	1	21	0	64
16D11	16	D1	1	22	1	64
16D11	16	D1	1	23	1	40
16D11	16	D1	1	24	1	100
16D11	16	D1	1	25	1	64
16D11	16	D1	1	26	1	50
16D11	16	D1	1	27	0	10
16D11	16	D1	1	28	0	64
16D11	16	D1	1	29	1	64
16D11	16	D1	1	30	1	64
16D12	16	D1	2	1	1	64
16D12	16	D1	2	2	0	68
16D12	16	D1	2	3	1	100
16D12	16	D1	2	4	1	100
16D12	16	D1	2	5	1	64
16D12	16	D1	2	6	0	22
16D12	16	D1	2	7	0	45
16D12	16	D1	2	8	0	40
16D12	16	D1	2	9	1	64
16D12	16	D1	2	10	0	30
16D12	16	D1	2	11	0	50
16D12	16	D1	2	12	0	86
16D12	16	D1	2	13	1	64
16D12	16	D1	2	14	0	64
16D12	16	D1	2	15	1	10
16D12	16	D1	2	16	0	64
16D12	16	D1	2	17	0	64
16D12	16	D1	2	18	0	72
16D12	16	D1	2	19	0	44
16D12	16	D1	2	20	1	64
16D12	16	D1	2	21	1	38
16D12	16	D1	2	22	1	37
16D12	16	D1	2	23	0	10
16D12	16	D1	2	24	0	22
16D12	16	D1	2	25	1	64
16D12	16	D1	2	26	1	64
16D12	16	D1	2	27	0	101
16D12	16	D1	2	28	0	34
16D12	16	D1	2	29	1	64
16D12	16	D1	2	30	0	64
16D21	16	D2	1	1	0	33
16D21	16	D2	1	2	1	43
16D21	16	D2	1	3	0	55
16D21	16	D2	1	4	1	72
16D21	16	D2	1	5	1	72
16D21	16	D2	1	6	0	55
16D21	16	D2	1	7	0	41
16D21	16	D2	1	8	0	12
16D21	16	D2	1	9	0	50
16D21	16	D2	1	10	0	60
16D21	16	D2	1	11	1	70
16D21	16	D2	1	12	1	70
16D21	16	D2	1	13	0	40
16D21	16	D2	1	14	0	70
16D21	16	D2	1	15	1	90
16D21	16	D2	1	16	1	90
16D21	16	D2	1	17	0	90
16D21	16	D2	1	18	0	30
16D21	16	D2	1	19	0	80
16D21	16	D2	1	20	0	40
16D21	16	D2	1	21	0	60
16D21	16	D2	1	22	1	90
16D21	16	D2	1	23	0	50
16D21	16	D2	1	24	0	50
16D21	16	D2	1	25	1	80
16D21	16	D2	1	26	0	20
16D21	16	D2	1	27	1	90
16D21	16	D2	1	28	1	50
16D21	16	D2	1	29	1	50
16D21	16	D2	1	30	1	20
16D22	16	D2	2	1	1	90
16D22	16	D2	2	2	1	90
16D22	16	D2	2	3	0	45
16D22	16	D2	2	4	1	78
16D22	16	D2	2	5	1	40
16D22	16	D2	2	6	1	90
16D22	16	D2	2	7	1	60
16D22	16	D2	2	8	1	60
16D22	16	D2	2	9	1	60
16D22	16	D2	2	10	0	30
16D22	16	D2	2	11	0	40
16D22	16	D2	2	12	0	50
16D22	16	D2	2	13	0	77
16D22	16	D2	2	14	1	60
16D22	16	D2	2	15	0	50
16D22	16	D2	2	16	0	50
16D22	16	D2	2	17	1	40
16D22	16	D2	2	18	1	70
16D22	16	D2	2	19	0	90
16D22	16	D2	2	20	1	30
16D22	16	D2	2	21	0	30
16D22	16	D2	2	22	0	50
16D22	16	D2	2	23	1	40
16D22	16	D2	2	24	0	40
16D22	16	D2	2	25	0	90
16D22	16	D2	2	26	1	90
16D22	16	D2	2	27	1	90
16D22	16	D2	2	28	1	90
16D22	16	D2	2	29	0	80
16D22	16	D2	2	30	1	90
16N11	16	N1	1	1	1	80
16N11	16	N1	1	2	0	60
16N11	16	N1	1	3	1	30
16N11	16	N1	1	4	1	90
16N11	16	N1	1	5	0	60
16N11	16	N1	1	6	1	90
16N11	16	N1	1	7	0	50
16N11	16	N1	1	8	1	70
16N11	16	N1	1	9	0	70
16N11	16	N1	1	10	0	30
16N11	16	N1	1	11	1	90
16N11	16	N1	1	12	0	80
16N11	16	N1	1	13	1	50
16N11	16	N1	1	14	0	60
16N11	16	N1	1	15	1	90
16N11	16	N1	1	16	1	90
16N11	16	N1	1	17	0	40
16N11	16	N1	1	18	1	80
16N11	16	N1	1	19	1	80
16N11	16	N1	1	20	1	80
16N11	16	N1	1	21	1	70
16N11	16	N1	1	22	0	60
16N11	16	N1	1	23	0	80
16N11	16	N1	1	24	1	80
16N11	16	N1	1	25	0	60
16N11	16	N1	1	26	1	80
16N11	16	N1	1	27	0	70
16N11	16	N1	1	28	0	60
16N11	16	N1	1	29	1	80
16N11	16	N1	1	30	0	80
16N12	16	N1	2	1	1	30
16N12	16	N1	2	2	0	64
16N12	16	N1	2	3	1	90
16N12	16	N1	2	4	0	60
16N12	16	N1	2	5	0	40
16N12	16	N1	2	6	1	90
16N12	16	N1	2	7	1	90
16N12	16	N1	2	8	0	20
16N12	16	N1	2	9	0	90
16N12	16	N1	2	10	1	60
16N12	16	N1	2	11	0	50
16N12	16	N1	2	12	1	90
16N12	16	N1	2	13	1	90
16N12	16	N1	2	14	1	90
16N12	16	N1	2	15	1	70
16N12	16	N1	2	16	1	70
16N12	16	N1	2	17	1	70
16N12	16	N1	2	18	1	90
16N12	16	N1	2	19	1	90
16N12	16	N1	2	20	0	90
16N12	16	N1	2	21	1	40
16N12	16	N1	2	22	0	40
16N12	16	N1	2	23	1	60
16N12	16	N1	2	24	1	90
16N12	16	N1	2	25	1	60
16N12	16	N1	2	26	1	50
16N12	16	N1	2	27	0	90
16N12	16	N1	2	28	0	90
16N12	16	N1	2	29	1	90
16N12	16	N1	2	30	1	90
16N21	16	N2	1	1	1	100
16N21	16	N2	1	2	1	100
16N21	16	N2	1	3	1	90
16N21	16	N2	1	4	1	90
16N21	16	N2	1	5	1	90
16N21	16	N2	1	6	1	90
16N21	16	N2	1	7	1	90
16N21	16	N2	1	8	1	90
16N21	16	N2	1	9	0	60
16N21	16	N2	1	10	0	80
16N21	16	N2	1	11	1	70
16N21	16	N2	1	12	0	70
16N21	16	N2	1	13	0	80
16N21	16	N2	1	14	1	50
16N21	16	N2	1	15	0	50
16N21	16	N2	1	16	0	70
16N21	16	N2	1	17	1	40
16N21	16	N2	1	18	1	40
16N21	16	N2	1	19	1	80
16N21	16	N2	1	20	0	10
16N21	16	N2	1	21	1	70
16N21	16	N2	1	22	1	30
16N21	16	N2	1	23	1	30
16N21	16	N2	1	24	1	40
16N21	16	N2	1	25	0	50
16N21	16	N2	1	26	1	100
16N21	16	N2	1	27	1	100
16N21	16	N2	1	28	1	90
16N21	16	N2	1	29	1	90
16N21	16	N2	1	30	1	90
16N22	16	N2	2	1	1	60
16N22	16	N2	2	2	1	60
16N22	16	N2	2	3	1	90
16N22	16	N2	2	4	0	90
16N22	16	N2	2	5	0	70
16N22	16	N2	2	6	0	70
16N22	16	N2	2	7	0	40
16N22	16	N2	2	8	1	60
16N22	16	N2	2	9	1	60
16N22	16	N2	2	10	1	60
16N22	16	N2	2	11	1	90
16N22	16	N2	2	12	0	60
16N22	16	N2	2	13	1	80
16N22	16	N2	2	14	0	80
16N22	16	N2	2	15	0	30
16N22	16	N2	2	16	0	90
16N22	16	N2	2	17	1	40
16N22	16	N2	2	18	0	50
16N22	16	N2	2	19	1	80
16N22	16	N2	2	20	1	80
16N22	16	N2	2	21	1	80
16N22	16	N2	2	22	0	40
16N22	16	N2	2	23	0	70
16N22	16	N2	2	24	1	30
16N22	16	N2	2	25	0	30
16N22	16	N2	2	26	0	60
16N22	16	N2	2	27	0	70
16N22	16	N2	2	28	0	50
16N22	16	N2	2	29	0	100
16N22	16	N2	2	30	1	100
03D11	03	D1	1	1	1	70
03D11	03	D1	1	2	0	65
03D11	03	D1	1	3	0	64
03D11	03	D1	1	4	0	63
03D11	03	D1	1	5	0	62
03D11	03	D1	1	6	0	61
03D11	03	D1	1	7	0	60
03D11	03	D1	1	8	1	59
03D11	03	D1	1	9	0	60
03D11	03	D1	1	10	1	59
03D11	03	D1	1	11	0	60
03D11	03	D1	1	12	1	59
03D11	03	D1	1	13	1	58
03D11	03	D1	1	14	1	59
03D11	03	D1	1	15	1	60
03D11	03	D1	1	16	1	61
03D11	03	D1	1	17	0	62
03D11	03	D1	1	18	0	63
03D11	03	D1	1	19	1	62
03D11	03	D1	1	20	0	63
03D11	03	D1	1	21	0	62
03D11	03	D1	1	22	1	61
03D11	03	D1	1	23	0	62
03D11	03	D1	1	24	1	61
03D11	03	D1	1	25	1	62
03D11	03	D1	1	26	1	63
03D11	03	D1	1	27	1	64
03D11	03	D1	1	28	0	65
03D11	03	D1	1	29	1	64
03D11	03	D1	1	30	1	65
03D12	03	D1	2	1	1	64
03D12	03	D1	2	2	0	65
03D12	03	D1	2	3	1	64
03D12	03	D1	2	4	1	65
03D12	03	D1	2	5	1	65
03D12	03	D1	2	6	0	64
03D12	03	D1	2	7	0	63
03D12	03	D1	2	8	0	63
03D12	03	D1	2	9	1	62
03D12	03	D1	2	10	0	62
03D12	03	D1	2	11	0	63
03D12	03	D1	2	12	1	62
03D12	03	D1	2	13	1	64
03D12	03	D1	2	14	1	65
03D12	03	D1	2	15	0	66
03D12	03	D1	2	16	1	65
03D12	03	D1	2	17	1	64
03D12	03	D1	2	18	1	65
03D12	03	D1	2	19	0	66
03D12	03	D1	2	20	1	65
03D12	03	D1	2	21	1	66
03D12	03	D1	2	22	0	66
03D12	03	D1	2	23	0	65
03D12	03	D1	2	24	1	64
03D12	03	D1	2	25	1	65
03D12	03	D1	2	26	1	66
03D12	03	D1	2	27	0	67
03D12	03	D1	2	28	1	66
03D12	03	D1	2	29	1	67
03D12	03	D1	2	30	1	68
03D21	03	D2	1	1	1	64
03D21	03	D2	1	2	1	64
03D21	03	D2	1	3	0	64
03D21	03	D2	1	4	1	64
03D21	03	D2	1	5	1	64
03D21	03	D2	1	6	0	64
03D21	03	D2	1	7	1	64
03D21	03	D2	1	8	0	64
03D21	03	D2	1	9	0	64
03D21	03	D2	1	10	1	64
03D21	03	D2	1	11	0	64
03D21	03	D2	1	12	0	64
03D21	03	D2	1	13	1	64
03D21	03	D2	1	14	0	64
03D21	03	D2	1	15	0	64
03D21	03	D2	1	16	0	64
03D21	03	D2	1	17	0	6
03D21	03	D2	1	18	0	64
03D21	03	D2	1	19	1	64
03D21	03	D2	1	20	1	64
03D21	03	D2	1	21	0	64
03D21	03	D2	1	22	1	64
03D21	03	D2	1	23	0	64
03D21	03	D2	1	24	0	64
03D21	03	D2	1	25	0	64
03D21	03	D2	1	26	0	64
03D21	03	D2	1	27	1	64
03D21	03	D2	1	28	1	64
03D21	03	D2	1	29	1	64
03D21	03	D2	1	30	1	64
03D22	03	D2	2	1	1	64
03D22	03	D2	2	2	0	65
03D22	03	D2	2	3	0	64
03D22	03	D2	2	4	0	63
03D22	03	D2	2	5	0	62
03D22	03	D2	2	6	0	61
03D22	03	D2	2	7	0	60
03D22	03	D2	2	8	0	59
03D22	03	D2	2	9	0	58
03D22	03	D2	2	10	0	57
03D22	03	D2	2	11	1	56
03D22	03	D2	2	12	0	57
03D22	03	D2	2	13	0	56
03D22	03	D2	2	14	1	55
03D22	03	D2	2	15	0	56
03D22	03	D2	2	16	1	55
03D22	03	D2	2	17	1	56
03D22	03	D2	2	18	0	57
03D22	03	D2	2	19	1	56
03D22	03	D2	2	20	1	57
03D22	03	D2	2	21	1	56
03D22	03	D2	2	22	1	57
03D22	03	D2	2	23	1	56
03D22	03	D2	2	24	0	57
03D22	03	D2	2	25	1	56
03D22	03	D2	2	26	0	57
03D22	03	D2	2	27	0	56
03D22	03	D2	2	28	1	56
03D22	03	D2	2	29	0	57
03D22	03	D2	2	30	1	56
03N11	03	N1	1	1	0	64
03N11	03	N1	1	2	0	60
03N11	03	N1	1	3	0	56
03N11	03	N1	1	4	1	52
03N11	03	N1	1	5	0	56
03N11	03	N1	1	6	0	52
03N11	03	N1	1	7	0	48
03N11	03	N1	1	8	0	44
03N11	03	N1	1	9	0	42
03N11	03	N1	1	10	0	42
03N11	03	N1	1	11	0	42
03N11	03	N1	1	12	0	42
03N11	03	N1	1	13	1	42
03N11	03	N1	1	14	1	42
03N11	03	N1	1	15	0	42
03N11	03	N1	1	16	0	42
03N11	03	N1	1	17	0	42
03N11	03	N1	1	18	0	38
03N11	03	N1	1	19	0	34
03N11	03	N1	1	20	1	32
03N11	03	N1	1	21	0	36
03N11	03	N1	1	22	1	32
03N11	03	N1	1	23	0	28
03N11	03	N1	1	24	1	32
03N11	03	N1	1	25	0	28
03N11	03	N1	1	26	0	32
03N11	03	N1	1	27	0	28
03N11	03	N1	1	28	1	32
03N11	03	N1	1	29	0	36
03N11	03	N1	1	30	0	32
03N12	03	N1	2	1	0	64
03N12	03	N1	2	2	0	62
03N12	03	N1	2	3	1	60
03N12	03	N1	2	4	0	64
03N12	03	N1	2	5	0	62
03N12	03	N1	2	6	1	60
03N12	03	N1	2	7	1	62
03N12	03	N1	2	8	0	64
03N12	03	N1	2	9	1	62
03N12	03	N1	2	10	1	64
03N12	03	N1	2	11	0	66
03N12	03	N1	2	12	1	64
03N12	03	N1	2	13	1	66
03N12	03	N1	2	14	0	68
03N12	03	N1	2	15	1	66
03N12	03	N1	2	16	0	68
03N12	03	N1	2	17	1	66
03N12	03	N1	2	18	0	68
03N12	03	N1	2	19	1	66
03N12	03	N1	2	20	1	68
03N12	03	N1	2	21	0	66
03N12	03	N1	2	22	1	68
03N12	03	N1	2	23	1	70
03N12	03	N1	2	24	1	72
03N12	03	N1	2	25	0	74
03N12	03	N1	2	26	0	72
03N12	03	N1	2	27	0	70
03N12	03	N1	2	28	1	68
03N12	03	N1	2	29	1	70
03N12	03	N1	2	30	0	72
03N21	03	N2	1	1	0	64
03N21	03	N2	1	2	0	63
03N21	03	N2	1	3	0	62
03N21	03	N2	1	4	0	61
03N21	03	N2	1	5	1	60
03N21	03	N2	1	6	0	61
03N21	03	N2	1	7	1	59
03N21	03	N2	1	8	1	60
03N21	03	N2	1	9	0	61
03N21	03	N2	1	10	0	59
03N21	03	N2	1	11	1	58
03N21	03	N2	1	12	1	60
03N21	03	N2	1	13	0	62
03N21	03	N2	1	14	0	60
03N21	03	N2	1	15	0	58
03N21	03	N2	1	16	1	56
03N21	03	N2	1	17	1	58
03N21	03	N2	1	18	0	60
03N21	03	N2	1	19	0	58
03N21	03	N2	1	20	0	56
03N21	03	N2	1	21	1	55
03N21	03	N2	1	22	0	57
03N21	03	N2	1	23	0	56
03N21	03	N2	1	24	1	55
03N21	03	N2	1	25	0	56
03N21	03	N2	1	26	1	54
03N21	03	N2	1	27	0	56
03N21	03	N2	1	28	0	54
03N21	03	N2	1	29	0	53
03N21	03	N2	1	30	1	51
03N22	03	N2	2	1	1	64
03N22	03	N2	2	2	1	65
03N22	03	N2	2	3	1	67
03N22	03	N2	2	4	1	69
03N22	03	N2	2	5	0	71
03N22	03	N2	2	6	0	69
03N22	03	N2	2	7	0	67
03N22	03	N2	2	8	0	65
03N22	03	N2	2	9	1	64
03N22	03	N2	2	10	0	65
03N22	03	N2	2	11	1	63
03N22	03	N2	2	12	1	65
03N22	03	N2	2	13	0	66
03N22	03	N2	2	14	0	65
03N22	03	N2	2	15	1	63
03N22	03	N2	2	16	0	64
03N22	03	N2	2	17	1	62
03N22	03	N2	2	18	1	64
03N22	03	N2	2	19	1	66
03N22	03	N2	2	20	1	68
03N22	03	N2	2	21	1	70
03N22	03	N2	2	22	1	72
03N22	03	N2	2	23	0	73
03N22	03	N2	2	24	0	71
03N22	03	N2	2	25	0	70
03N22	03	N2	2	26	0	68
03N22	03	N2	2	27	0	66
03N22	03	N2	2	28	1	60
03N22	03	N2	2	29	0	62
03N22	03	N2	2	30	1	60
04D11	04	D1	1	1	1	63
04D11	04	D1	1	2	1	62
04D11	04	D1	1	3	1	61
04D11	04	D1	1	4	0	60
04D11	04	D1	1	5	1	60
04D11	04	D1	1	6	1	60
04D11	04	D1	1	7	0	60
04D11	04	D1	1	8	0	60
04D11	04	D1	1	9	0	60
04D11	04	D1	1	10	0	60
04D11	04	D1	1	11	1	60
04D11	04	D1	1	12	0	60
04D11	04	D1	1	13	1	60
04D11	04	D1	1	14	1	60
04D11	04	D1	1	15	1	120
04D11	04	D1	1	16	0	120
04D11	04	D1	1	17	1	120
04D11	04	D1	1	18	1	120
04D11	04	D1	1	19	0	120
04D11	04	D1	1	20	1	100
04D11	04	D1	1	21	1	100
04D11	04	D1	1	22	1	100
04D11	04	D1	1	23	1	100
04D11	04	D1	1	24	0	100
04D11	04	D1	1	25	0	100
04D11	04	D1	1	26	0	100
04D11	04	D1	1	27	0	100
04D11	04	D1	1	28	0	100
04D11	04	D1	1	29	0	100
04D11	04	D1	1	30	1	100
04D12	04	D1	2	1	1	120
04D12	04	D1	2	2	1	120
04D12	04	D1	2	3	1	120
04D12	04	D1	2	4	1	120
04D12	04	D1	2	5	1	120
04D12	04	D1	2	6	0	64
04D12	04	D1	2	7	1	64
04D12	04	D1	2	8	0	64
04D12	04	D1	2	9	1	64
04D12	04	D1	2	10	1	64
04D12	04	D1	2	11	1	80
04D12	04	D1	2	12	1	80
04D12	04	D1	2	13	1	80
04D12	04	D1	2	14	0	80
04D12	04	D1	2	15	0	80
04D12	04	D1	2	16	1	80
04D12	04	D1	2	17	0	80
04D12	04	D1	2	18	1	80
04D12	04	D1	2	19	1	80
04D12	04	D1	2	20	1	80
04D12	04	D1	2	21	0	40
04D12	04	D1	2	22	0	40
04D12	04	D1	2	23	0	40
04D12	04	D1	2	24	0	40
04D12	04	D1	2	25	0	40
04D12	04	D1	2	26	0	40
04D12	04	D1	2	27	0	40
04D12	04	D1	2	28	1	40
04D12	04	D1	2	29	1	40
04D12	04	D1	2	30	0	40
04D21	04	D2	1	1	0	60
04D21	04	D2	1	2	1	60
04D21	04	D2	1	3	1	60
04D21	04	D2	1	4	1	60
04D21	04	D2	1	5	0	60
04D21	04	D2	1	6	1	60
04D21	04	D2	1	7	1	60
04D21	04	D2	1	8	0	60
04D21	04	D2	1	9	0	60
04D21	04	D2	1	10	0	61
04D21	04	D2	1	11	0	62
04D21	04	D2	1	12	1	63
04D21	04	D2	1	13	0	64
04D21	04	D2	1	14	1	65
04D21	04	D2	1	15	1	120
04D21	04	D2	1	16	1	120
04D21	04	D2	1	17	1	120
04D21	04	D2	1	18	1	120
04D21	04	D2	1	19	1	120
04D21	04	D2	1	20	1	120
04D21	04	D2	1	21	1	120
04D21	04	D2	1	22	1	120
04D21	04	D2	1	23	1	120
04D21	04	D2	1	24	1	120
04D21	04	D2	1	25	1	110
04D21	04	D2	1	26	1	110
04D21	04	D2	1	27	1	110
04D21	04	D2	1	28	1	110
04D21	04	D2	1	29	1	110
04D21	04	D2	1	30	0	110
04D22	04	D2	2	1	0	64
04D22	04	D2	2	2	0	64
04D22	04	D2	2	3	0	64
04D22	04	D2	2	4	0	64
04D22	04	D2	2	5	1	64
04D22	04	D2	2	6	1	64
04D22	04	D2	2	7	1	64
04D22	04	D2	2	8	0	64
04D22	04	D2	2	9	0	64
04D22	04	D2	2	10	1	64
04D22	04	D2	2	11	1	64
04D22	04	D2	2	12	0	64
04D22	04	D2	2	13	1	64
04D22	04	D2	2	14	1	64
04D22	04	D2	2	15	1	64
04D22	04	D2	2	16	0	64
04D22	04	D2	2	17	1	64
04D22	04	D2	2	18	0	64
04D22	04	D2	2	19	0	64
04D22	04	D2	2	20	0	64
04D22	04	D2	2	21	0	64
04D22	04	D2	2	22	0	64
04D22	04	D2	2	23	1	64
04D22	04	D2	2	24	0	64
04D22	04	D2	2	25	0	64
04D22	04	D2	2	26	0	64
04D22	04	D2	2	27	1	64
04D22	04	D2	2	28	0	64
04D22	04	D2	2	29	1	64
04D22	04	D2	2	30	0	64
04N11	04	N1	1	1	1	64
04N11	04	N1	1	2	0	32
04N11	04	N1	1	3	1	64
04N11	04	N1	1	4	0	32
04N11	04	N1	1	5	1	64
04N11	04	N1	1	6	1	32
04N11	04	N1	1	7	1	32
04N11	04	N1	1	8	0	32
04N11	04	N1	1	9	0	64
04N11	04	N1	1	10	1	96
04N11	04	N1	1	11	0	64
04N11	04	N1	1	12	1	96
04N11	04	N1	1	13	1	96
04N11	04	N1	1	14	1	64
04N11	04	N1	1	15	0	32
04N11	04	N1	1	16	0	64
04N11	04	N1	1	17	1	96
04N11	04	N1	1	18	1	64
04N11	04	N1	1	19	0	32
04N11	04	N1	1	20	1	64
04N11	04	N1	1	21	1	32
04N11	04	N1	1	22	0	32
04N11	04	N1	1	23	0	64
04N11	04	N1	1	24	1	96
04N11	04	N1	1	25	1	64
04N11	04	N1	1	26	1	32
04N11	04	N1	1	27	0	32
04N11	04	N1	1	28	0	64
04N11	04	N1	1	29	1	96
04N11	04	N1	1	30	1	96
04N12	04	N1	2	1	1	64
04N12	04	N1	2	2	1	60
04N12	04	N1	2	3	0	60
04N12	04	N1	2	4	1	68
04N12	04	N1	2	5	1	64
04N12	04	N1	2	6	0	60
04N12	04	N1	2	7	1	68
04N12	04	N1	2	8	1	64
04N12	04	N1	2	9	0	60
04N12	04	N1	2	10	1	68
04N12	04	N1	2	11	0	64
04N12	04	N1	2	12	0	68
04N12	04	N1	2	13	0	68
04N12	04	N1	2	14	0	68
04N12	04	N1	2	15	0	68
04N12	04	N1	2	16	1	68
04N12	04	N1	2	17	0	64
04N12	04	N1	2	18	0	68
04N12	04	N1	2	19	1	68
04N12	04	N1	2	20	1	64
04N12	04	N1	2	21	0	60
04N12	04	N1	2	22	1	64
04N12	04	N1	2	23	0	60
04N12	04	N1	2	24	1	64
04N12	04	N1	2	25	1	60
04N12	04	N1	2	26	0	60
04N12	04	N1	2	27	1	64
04N12	04	N1	2	28	0	60
04N12	04	N1	2	29	1	64
04N12	04	N1	2	30	0	60
04N21	04	N2	1	1	1	64
04N21	04	N2	1	2	0	60
04N21	04	N2	1	3	0	64
04N21	04	N2	1	4	1	68
04N21	04	N2	1	5	1	64
04N21	04	N2	1	6	1	60
04N21	04	N2	1	7	0	60
04N21	04	N2	1	8	1	64
04N21	04	N2	1	9	0	60
04N21	04	N2	1	10	1	64
04N21	04	N2	1	11	0	60
04N21	04	N2	1	12	1	68
04N21	04	N2	1	13	0	64
04N21	04	N2	1	14	1	68
04N21	04	N2	1	15	1	64
04N21	04	N2	1	16	0	60
04N21	04	N2	1	17	1	64
04N21	04	N2	1	18	0	60
04N21	04	N2	1	19	0	64
04N21	04	N2	1	20	0	68
04N21	04	N2	1	21	1	68
04N21	04	N2	1	22	0	64
04N21	04	N2	1	23	1	68
04N21	04	N2	1	24	1	64
04N21	04	N2	1	25	0	60
04N21	04	N2	1	26	0	64
04N21	04	N2	1	27	1	68
04N21	04	N2	1	28	1	64
04N21	04	N2	1	29	0	60
04N21	04	N2	1	30	1	100
04N22	04	N2	2	1	0	60
04N22	04	N2	2	2	1	80
04N22	04	N2	2	3	1	60
04N22	04	N2	2	4	1	40
04N22	04	N2	2	5	0	40
04N22	04	N2	2	6	1	60
04N22	04	N2	2	7	0	40
04N22	04	N2	2	8	0	60
04N22	04	N2	2	9	1	80
04N22	04	N2	2	10	0	60
04N22	04	N2	2	11	1	80
04N22	04	N2	2	12	0	60
04N22	04	N2	2	13	1	80
04N22	04	N2	2	14	0	60
04N22	04	N2	2	15	1	80
04N22	04	N2	2	16	0	60
04N22	04	N2	2	17	0	80
04N22	04	N2	2	18	1	80
04N22	04	N2	2	19	1	60
04N22	04	N2	2	20	1	40
04N22	04	N2	2	21	1	40
04N22	04	N2	2	22	0	40
04N22	04	N2	2	23	0	60
04N22	04	N2	2	24	1	80
04N22	04	N2	2	25	1	60
04N22	04	N2	2	26	0	40
04N22	04	N2	2	27	1	60
04N22	04	N2	2	28	1	40
04N22	04	N2	2	29	0	40
04N22	04	N2	2	30	0	60
13D11	13	D1	1	1	1	64
13D11	13	D1	1	2	0	50
13D11	13	D1	1	3	0	35
13D11	13	D1	1	4	0	30
13D11	13	D1	1	5	0	30
13D11	13	D1	1	6	0	30
13D11	13	D1	1	7	1	30
13D11	13	D1	1	8	0	15
13D11	13	D1	1	9	0	20
13D11	13	D1	1	10	1	25
13D11	13	D1	1	11	0	20
13D11	13	D1	1	12	0	20
13D11	13	D1	1	13	0	20
13D11	13	D1	1	14	1	15
13D11	13	D1	1	15	0	5
13D11	13	D1	1	16	0	15
13D11	13	D1	1	17	0	15
13D11	13	D1	1	18	0	10
13D11	13	D1	1	19	0	10
13D11	13	D1	1	20	0	15
13D11	13	D1	1	21	0	15
13D11	13	D1	1	22	0	25
13D11	13	D1	1	23	0	20
13D11	13	D1	1	24	0	20
13D11	13	D1	1	25	0	20
13D11	13	D1	1	26	0	20
13D11	13	D1	1	27	0	20
13D11	13	D1	1	28	0	20
13D11	13	D1	1	29	0	25
13D11	13	D1	1	30	0	25
13D12	13	D1	2	1	0	20
13D12	13	D1	2	2	1	25
13D12	13	D1	2	3	0	10
13D12	13	D1	2	4	0	25
13D12	13	D1	2	5	0	25
13D12	13	D1	2	6	0	25
13D12	13	D1	2	7	0	25
13D12	13	D1	2	8	1	25
13D12	13	D1	2	9	0	1
13D12	13	D1	2	10	0	25
13D12	13	D1	2	11	0	25
13D12	13	D1	2	12	0	25
13D12	13	D1	2	13	0	25
13D12	13	D1	2	14	0	25
13D12	13	D1	2	15	1	25
13D12	13	D1	2	16	1	15
13D12	13	D1	2	17	0	1
13D12	13	D1	2	18	0	25
13D12	13	D1	2	19	0	25
13D12	13	D1	2	20	0	25
13D12	13	D1	2	21	0	25
13D12	13	D1	2	22	0	25
13D12	13	D1	2	23	1	25
13D12	13	D1	2	24	1	25
13D12	13	D1	2	25	0	15
13D12	13	D1	2	26	0	25
13D12	13	D1	2	27	0	25
13D12	13	D1	2	28	0	25
13D12	13	D1	2	29	1	25
13D12	13	D1	2	30	0	25
13D21	13	D2	1	1	0	20
13D21	13	D2	1	2	0	25
13D21	13	D2	1	3	0	30
13D21	13	D2	1	4	0	30
13D21	13	D2	1	5	0	35
13D21	13	D2	1	6	0	35
13D21	13	D2	1	7	0	35
13D21	13	D2	1	8	0	35
13D21	13	D2	1	9	0	35
13D21	13	D2	1	10	1	35
13D21	13	D2	1	11	0	30
13D21	13	D2	1	12	1	30
13D21	13	D2	1	13	0	20
13D21	13	D2	1	14	1	25
13D21	13	D2	1	15	0	15
13D21	13	D2	1	16	0	20
13D21	13	D2	1	17	0	25
13D21	13	D2	1	18	0	35
13D21	13	D2	1	19	0	50
13D21	13	D2	1	20	1	50
13D21	13	D2	1	21	0	30
13D21	13	D2	1	22	0	50
13D21	13	D2	1	23	0	50
13D21	13	D2	1	24	0	50
13D21	13	D2	1	25	1	50
13D21	13	D2	1	26	0	50
13D21	13	D2	1	27	0	50
13D21	13	D2	1	28	0	50
13D21	13	D2	1	29	0	50
13D21	13	D2	1	30	0	50
13D22	13	D2	2	1	1	35
13D22	13	D2	2	2	0	30
13D22	13	D2	2	3	0	30
13D22	13	D2	2	4	0	30
13D22	13	D2	2	5	0	30
13D22	13	D2	2	6	0	30
13D22	13	D2	2	7	1	35
13D22	13	D2	2	8	0	30
13D22	13	D2	2	9	0	30
13D22	13	D2	2	10	0	30
13D22	13	D2	2	11	0	30
13D22	13	D2	2	12	0	30
13D22	13	D2	2	13	0	30
13D22	13	D2	2	14	0	30
13D22	13	D2	2	15	0	30
13D22	13	D2	2	16	0	30
13D22	13	D2	2	17	1	35
13D22	13	D2	2	18	0	30
13D22	13	D2	2	19	0	30
13D22	13	D2	2	20	0	30
13D22	13	D2	2	21	0	30
13D22	13	D2	2	22	1	30
13D22	13	D2	2	23	0	30
13D22	13	D2	2	24	1	35
13D22	13	D2	2	25	0	30
13D22	13	D2	2	26	1	30
13D22	13	D2	2	27	1	30
13D22	13	D2	2	28	0	30
13D22	13	D2	2	29	0	30
13D22	13	D2	2	30	0	30
13N11	13	N1	1	1	1	30
13N11	13	N1	1	2	0	30
13N11	13	N1	1	3	0	35
13N11	13	N1	1	4	0	35
13N11	13	N1	1	5	0	35
13N11	13	N1	1	6	0	35
13N11	13	N1	1	7	1	35
13N11	13	N1	1	8	0	35
13N11	13	N1	1	9	0	35
13N11	13	N1	1	10	0	35
13N11	13	N1	1	11	0	35
13N11	13	N1	1	12	1	35
13N11	13	N1	1	13	0	53
13N11	13	N1	1	14	0	35
13N11	13	N1	1	15	1	53
13N11	13	N1	1	16	1	53
13N11	13	N1	1	17	0	53
13N11	13	N1	1	18	1	53
13N11	13	N1	1	19	0	35
13N11	13	N1	1	20	1	35
13N11	13	N1	1	21	0	35
13N11	13	N1	1	22	0	35
13N11	13	N1	1	23	0	35
13N11	13	N1	1	24	1	53
13N11	13	N1	1	25	0	53
13N11	13	N1	1	26	0	53
13N11	13	N1	1	27	0	53
13N11	13	N1	1	28	1	53
13N11	13	N1	1	29	0	53
13N11	13	N1	1	30	0	53
13N12	13	N1	2	1	0	50
13N12	13	N1	2	2	0	50
13N12	13	N1	2	3	0	50
13N12	13	N1	2	4	0	50
13N12	13	N1	2	5	0	50
13N12	13	N1	2	6	0	50
13N12	13	N1	2	7	0	50
13N12	13	N1	2	8	1	50
13N12	13	N1	2	9	1	45
13N12	13	N1	2	10	0	45
13N12	13	N1	2	11	0	45
13N12	13	N1	2	12	0	45
13N12	13	N1	2	13	0	50
13N12	13	N1	2	14	0	50
13N12	13	N1	2	15	0	50
13N12	13	N1	2	16	1	50
13N12	13	N1	2	17	0	50
13N12	13	N1	2	18	0	50
13N12	13	N1	2	19	1	50
13N12	13	N1	2	20	0	50
13N12	13	N1	2	21	0	50
13N12	13	N1	2	22	0	50
13N12	13	N1	2	23	1	50
13N12	13	N1	2	24	0	50
13N12	13	N1	2	25	0	50
13N12	13	N1	2	26	0	50
13N12	13	N1	2	27	1	50
13N12	13	N1	2	28	0	50
13N12	13	N1	2	29	1	50
13N12	13	N1	2	30	1	50
13N21	13	N2	1	1	1	50
13N21	13	N2	1	2	1	50
13N21	13	N2	1	3	0	50
13N21	13	N2	1	4	0	50
13N21	13	N2	1	5	0	50
13N21	13	N2	1	6	0	50
13N21	13	N2	1	7	0	50
13N21	13	N2	1	8	1	50
13N21	13	N2	1	9	0	50
13N21	13	N2	1	10	1	50
13N21	13	N2	1	11	1	50
13N21	13	N2	1	12	1	50
13N21	13	N2	1	13	1	50
13N21	13	N2	1	14	0	45
13N21	13	N2	1	15	1	45
13N21	13	N2	1	16	0	45
13N21	13	N2	1	17	0	45
13N21	13	N2	1	18	0	45
13N21	13	N2	1	19	1	45
13N21	13	N2	1	20	1	45
13N21	13	N2	1	21	0	45
13N21	13	N2	1	22	1	45
13N21	13	N2	1	23	0	45
13N21	13	N2	1	24	0	45
13N21	13	N2	1	25	0	45
13N21	13	N2	1	26	0	45
13N21	13	N2	1	27	1	45
13N21	13	N2	1	28	0	45
13N21	13	N2	1	29	0	45
13N21	13	N2	1	30	1	45
13N22	13	N2	2	1	0	50
13N22	13	N2	2	2	0	50
13N22	13	N2	2	3	0	50
13N22	13	N2	2	4	1	50
13N22	13	N2	2	5	0	50
13N22	13	N2	2	6	0	50
13N22	13	N2	2	7	1	50
13N22	13	N2	2	8	0	50
13N22	13	N2	2	9	1	50
13N22	13	N2	2	10	1	50
13N22	13	N2	2	11	1	50
13N22	13	N2	2	12	0	50
13N22	13	N2	2	13	0	50
13N22	13	N2	2	14	0	50
13N22	13	N2	2	15	0	50
13N22	13	N2	2	16	0	50
13N22	13	N2	2	17	0	50
13N22	13	N2	2	18	0	50
13N22	13	N2	2	19	1	50
13N22	13	N2	2	20	0	50
13N22	13	N2	2	21	1	50
13N22	13	N2	2	22	0	50
13N22	13	N2	2	23	0	50
13N22	13	N2	2	24	0	50
13N22	13	N2	2	25	0	50
13N22	13	N2	2	26	0	50
13N22	13	N2	2	27	0	50
13N22	13	N2	2	28	0	50
13N22	13	N2	2	29	0	50
13N22	13	N2	2	30	1	50
14D11	14	D1	1	1	1	128
14D11	14	D1	1	2	1	50
14D11	14	D1	1	3	0	50
14D11	14	D1	1	4	0	100
14D11	14	D1	1	5	0	50
14D11	14	D1	1	6	1	100
14D11	14	D1	1	7	1	50
14D11	14	D1	1	8	0	100
14D11	14	D1	1	9	1	50
14D11	14	D1	1	10	1	50
14D11	14	D1	1	11	0	50
14D11	14	D1	1	12	0	100
14D11	14	D1	1	13	0	50
14D11	14	D1	1	14	1	100
14D11	14	D1	1	15	1	50
14D11	14	D1	1	16	0	50
14D11	14	D1	1	17	1	100
14D11	14	D1	1	18	1	50
14D11	14	D1	1	19	0	50
14D11	14	D1	1	20	1	100
14D11	14	D1	1	21	0	50
14D11	14	D1	1	22	1	100
14D11	14	D1	1	23	0	50
14D11	14	D1	1	24	1	100
14D11	14	D1	1	25	1	50
14D11	14	D1	1	26	1	50
14D11	14	D1	1	27	0	50
14D11	14	D1	1	28	0	100
14D11	14	D1	1	29	0	50
14D11	14	D1	1	30	0	50
14D12	14	D1	2	1	0	100
14D12	14	D1	2	2	0	100
14D12	14	D1	2	3	1	100
14D12	14	D1	2	4	0	50
14D12	14	D1	2	5	1	100
14D12	14	D1	2	6	1	50
14D12	14	D1	2	7	0	50
14D12	14	D1	2	8	1	100
14D12	14	D1	2	9	1	50
14D12	14	D1	2	10	1	50
14D12	14	D1	2	11	1	50
14D12	14	D1	2	12	0	50
14D12	14	D1	2	13	1	100
14D12	14	D1	2	14	0	50
14D12	14	D1	2	15	1	100
14D12	14	D1	2	16	0	50
14D12	14	D1	2	17	1	100
14D12	14	D1	2	18	0	50
14D12	14	D1	2	19	1	100
14D12	14	D1	2	20	1	50
14D12	14	D1	2	21	1	50
14D12	14	D1	2	22	0	50
14D12	14	D1	2	23	1	100
14D12	14	D1	2	24	0	50
14D12	14	D1	2	25	1	100
14D12	14	D1	2	26	0	50
14D12	14	D1	2	27	0	100
14D12	14	D1	2	28	1	100
14D12	14	D1	2	29	0	50
14D12	14	D1	2	30	1	100
14D21	14	D2	1	1	1	100
14D21	14	D2	1	2	1	50
14D21	14	D2	1	3	0	50
14D21	14	D2	1	4	1	100
14D21	14	D2	1	5	1	50
14D21	14	D2	1	6	0	50
14D21	14	D2	1	7	1	100
14D21	14	D2	1	8	0	50
14D21	14	D2	1	9	1	100
14D21	14	D2	1	10	1	50
14D21	14	D2	1	11	1	50
14D21	14	D2	1	12	1	50
14D21	14	D2	1	13	0	50
14D21	14	D2	1	14	1	100
14D21	14	D2	1	15	1	50
14D21	14	D2	1	16	0	50
14D21	14	D2	1	17	1	100
14D21	14	D2	1	18	0	50
14D21	14	D2	1	19	1	100
14D21	14	D2	1	20	0	50
14D21	14	D2	1	21	1	100
14D21	14	D2	1	22	0	50
14D21	14	D2	1	23	1	100
14D21	14	D2	1	24	0	50
14D21	14	D2	1	25	1	100
14D21	14	D2	1	26	1	50
14D21	14	D2	1	27	1	100
14D21	14	D2	1	28	0	50
14D21	14	D2	1	29	0	50
14D21	14	D2	1	30	1	100
14D22	14	D2	2	1	1	100
14D22	14	D2	2	2	0	50
14D22	14	D2	2	3	1	100
14D22	14	D2	2	4	0	50
14D22	14	D2	2	5	1	100
14D22	14	D2	2	6	1	100
14D22	14	D2	2	7	1	100
14D22	14	D2	2	8	1	100
14D22	14	D2	2	9	0	100
14D22	14	D2	2	10	0	50
14D22	14	D2	2	11	1	50
14D22	14	D2	2	12	1	50
14D22	14	D2	2	13	0	50
14D22	14	D2	2	14	1	100
14D22	14	D2	2	15	0	50
14D22	14	D2	2	16	1	100
14D22	14	D2	2	17	1	50
14D22	14	D2	2	18	1	50
14D22	14	D2	2	19	1	50
14D22	14	D2	2	20	1	50
14D22	14	D2	2	21	0	50
14D22	14	D2	2	22	1	100
14D22	14	D2	2	23	1	50
14D22	14	D2	2	24	0	50
14D22	14	D2	2	25	1	100
14D22	14	D2	2	26	0	50
14D22	14	D2	2	27	1	100
14D22	14	D2	2	28	1	50
14D22	14	D2	2	29	0	50
14D22	14	D2	2	30	1	100
14N11	14	N1	1	1	1	50
14N11	14	N1	1	2	1	50
14N11	14	N1	1	3	0	50
14N11	14	N1	1	4	1	100
14N11	14	N1	1	5	0	50
14N11	14	N1	1	6	1	100
14N11	14	N1	1	7	0	50
14N11	14	N1	1	8	1	100
14N11	14	N1	1	9	1	50
14N11	14	N1	1	10	1	50
14N11	14	N1	1	11	0	50
14N11	14	N1	1	12	1	100
14N11	14	N1	1	13	0	50
14N11	14	N1	1	14	1	80
14N11	14	N1	1	15	1	50
14N11	14	N1	1	16	0	80
14N11	14	N1	1	17	1	80
14N11	14	N1	1	18	0	50
14N11	14	N1	1	19	1	80
14N11	14	N1	1	20	0	50
14N11	14	N1	1	21	0	80
14N11	14	N1	1	22	1	50
14N11	14	N1	1	23	0	80
14N11	14	N1	1	24	1	50
14N11	14	N1	1	25	1	80
14N11	14	N1	1	26	0	50
14N11	14	N1	1	27	0	80
14N11	14	N1	1	28	0	50
14N11	14	N1	1	29	0	80
14N11	14	N1	1	30	0	80
14N12	14	N1	2	1	0	50
14N12	14	N1	2	2	1	80
14N12	14	N1	2	3	0	50
14N12	14	N1	2	4	0	80
14N12	14	N1	2	5	1	50
14N12	14	N1	2	6	0	50
14N12	14	N1	2	7	0	80
14N12	14	N1	2	8	0	50
14N12	14	N1	2	9	1	80
14N12	14	N1	2	10	1	50
14N12	14	N1	2	11	0	50
14N12	14	N1	2	12	1	80
14N12	14	N1	2	13	1	50
14N12	14	N1	2	14	0	50
14N12	14	N1	2	15	1	80
14N12	14	N1	2	16	0	50
14N12	14	N1	2	17	1	80
14N12	14	N1	2	18	0	50
14N12	14	N1	2	19	1	80
14N12	14	N1	2	20	0	50
14N12	14	N1	2	21	1	80
14N12	14	N1	2	22	0	50
14N12	14	N1	2	23	1	80
14N12	14	N1	2	24	0	50
14N12	14	N1	2	25	1	80
14N12	14	N1	2	26	0	50
14N12	14	N1	2	27	1	80
14N12	14	N1	2	28	0	50
14N12	14	N1	2	29	0	80
14N12	14	N1	2	30	1	50
14N21	14	N2	1	1	1	50
14N21	14	N2	1	2	1	80
14N21	14	N2	1	3	1	50
14N21	14	N2	1	4	1	50
14N21	14	N2	1	5	1	50
14N21	14	N2	1	6	0	50
14N21	14	N2	1	7	0	80
14N21	14	N2	1	8	0	50
14N21	14	N2	1	9	0	80
14N21	14	N2	1	10	1	80
14N21	14	N2	1	11	1	80
14N21	14	N2	1	12	1	80
14N21	14	N2	1	13	0	50
14N21	14	N2	1	14	1	80
14N21	14	N2	1	15	1	50
14N21	14	N2	1	16	0	50
14N21	14	N2	1	17	0	80
14N21	14	N2	1	18	0	50
14N21	14	N2	1	19	0	80
14N21	14	N2	1	20	1	50
14N21	14	N2	1	21	1	50
14N21	14	N2	1	22	0	50
14N21	14	N2	1	23	0	80
14N21	14	N2	1	24	1	50
14N21	14	N2	1	25	0	50
14N21	14	N2	1	26	1	5
14N21	14	N2	1	27	0	50
14N21	14	N2	1	28	0	80
14N21	14	N2	1	29	1	80
14N21	14	N2	1	30	0	50
14N22	14	N2	2	1	1	64
14N22	14	N2	2	2	0	64
14N22	14	N2	2	3	0	64
14N22	14	N2	2	4	1	64
14N22	14	N2	2	5	1	64
14N22	14	N2	2	6	0	64
14N22	14	N2	2	7	0	64
14N22	14	N2	2	8	1	64
14N22	14	N2	2	9	0	64
14N22	14	N2	2	10	0	64
14N22	14	N2	2	11	0	64
14N22	14	N2	2	12	0	64
14N22	14	N2	2	13	1	64
14N22	14	N2	2	14	0	64
14N22	14	N2	2	15	0	64
14N22	14	N2	2	16	1	64
14N22	14	N2	2	17	0	64
14N22	14	N2	2	18	0	64
14N22	14	N2	2	19	0	64
14N22	14	N2	2	20	0	64
14N22	14	N2	2	21	0	64
14N22	14	N2	2	22	0	64
14N22	14	N2	2	23	1	64
14N22	14	N2	2	24	0	64
14N22	14	N2	2	25	0	64
14N22	14	N2	2	26	1	64
14N22	14	N2	2	27	0	64
14N22	14	N2	2	28	0	64
14N22	14	N2	2	29	0	64
14N22	14	N2	2	30	0	64
05D11	05	D1	1	1	1	30
05D11	05	D1	1	2	0	20
05D11	05	D1	1	3	0	20
05D11	05	D1	1	4	1	30
05D11	05	D1	1	5	0	30
05D11	05	D1	1	6	0	40
05D11	05	D1	1	7	0	40
05D11	05	D1	1	8	1	50
05D11	05	D1	1	9	1	50
05D11	05	D1	1	10	1	45
05D11	05	D1	1	11	1	45
05D11	05	D1	1	12	0	45
05D11	05	D1	1	13	0	8
05D11	05	D1	1	14	1	15
05D11	05	D1	1	15	0	3
05D11	05	D1	1	16	0	40
05D11	05	D1	1	17	0	50
05D11	05	D1	1	18	1	60
05D11	05	D1	1	19	1	60
05D11	05	D1	1	20	0	60
05D11	05	D1	1	21	1	50
05D11	05	D1	1	22	0	2
05D11	05	D1	1	23	0	60
05D11	05	D1	1	24	0	5
05D11	05	D1	1	25	1	60
05D11	05	D1	1	26	1	60
05D11	05	D1	1	27	1	55
05D11	05	D1	1	28	0	55
05D11	05	D1	1	29	1	60
05D11	05	D1	1	30	0	60
05D12	05	D1	2	1	1	45
05D12	05	D1	2	2	0	45
05D12	05	D1	2	3	1	60
05D12	05	D1	2	4	1	60
05D12	05	D1	2	5	1	60
05D12	05	D1	2	6	1	60
05D12	05	D1	2	7	1	60
05D12	05	D1	2	8	0	60
05D12	05	D1	2	9	1	60
05D12	05	D1	2	10	0	50
05D12	05	D1	2	11	1	20
05D12	05	D1	2	12	0	20
05D12	05	D1	2	13	0	30
05D12	05	D1	2	14	1	50
05D12	05	D1	2	15	1	80
05D12	05	D1	2	16	0	80
05D12	05	D1	2	17	1	30
05D12	05	D1	2	18	1	30
05D12	05	D1	2	19	0	29
05D12	05	D1	2	20	0	40
05D12	05	D1	2	21	1	60
05D12	05	D1	2	22	0	60
05D12	05	D1	2	23	0	90
05D12	05	D1	2	24	1	20
05D12	05	D1	2	25	0	10
05D12	05	D1	2	26	0	20
05D12	05	D1	2	27	0	40
05D12	05	D1	2	28	0	40
05D12	05	D1	2	29	1	40
05D12	05	D1	2	30	1	90
05D21	05	D2	1	1	0	64
05D21	05	D2	1	2	1	64
05D21	05	D2	1	3	0	64
05D21	05	D2	1	4	1	64
05D21	05	D2	1	5	0	64
05D21	05	D2	1	6	1	64
05D21	05	D2	1	7	1	64
05D21	05	D2	1	8	1	64
05D21	05	D2	1	9	0	64
05D21	05	D2	1	10	0	64
05D21	05	D2	1	11	0	64
05D21	05	D2	1	12	0	64
05D21	05	D2	1	13	1	64
05D21	05	D2	1	14	0	64
05D21	05	D2	1	15	1	64
05D21	05	D2	1	16	1	64
05D21	05	D2	1	17	1	64
05D21	05	D2	1	18	0	64
05D21	05	D2	1	19	1	64
05D21	05	D2	1	20	0	64
05D21	05	D2	1	21	0	64
05D21	05	D2	1	22	0	64
05D21	05	D2	1	23	1	64
05D21	05	D2	1	24	0	64
05D21	05	D2	1	25	0	64
05D21	05	D2	1	26	1	64
05D21	05	D2	1	27	0	64
05D21	05	D2	1	28	1	64
05D21	05	D2	1	29	1	64
05D21	05	D2	1	30	1	64
05D22	05	D2	2	1	1	80
05D22	05	D2	2	2	1	80
05D22	05	D2	2	3	1	80
05D22	05	D2	2	4	1	80
05D22	05	D2	2	5	1	80
05D22	05	D2	2	6	1	80
05D22	05	D2	2	7	1	80
05D22	05	D2	2	8	1	80
05D22	05	D2	2	9	1	80
05D22	05	D2	2	10	1	80
05D22	05	D2	2	11	1	80
05D22	05	D2	2	12	1	80
05D22	05	D2	2	13	1	80
05D22	05	D2	2	14	1	80
05D22	05	D2	2	15	1	80
05D22	05	D2	2	16	1	80
05D22	05	D2	2	17	1	80
05D22	05	D2	2	18	0	80
05D22	05	D2	2	19	1	80
05D22	05	D2	2	20	0	80
05D22	05	D2	2	21	1	80
05D22	05	D2	2	22	1	80
05D22	05	D2	2	23	1	80
05D22	05	D2	2	24	1	80
05D22	05	D2	2	25	1	80
05D22	05	D2	2	26	0	80
05D22	05	D2	2	27	1	80
05D22	05	D2	2	28	0	80
05D22	05	D2	2	29	1	80
05D22	05	D2	2	30	1	80
05N11	05	N1	1	1	1	50
05N11	05	N1	1	2	1	50
05N11	05	N1	1	3	1	50
05N11	05	N1	1	4	0	50
05N11	05	N1	1	5	1	50
05N11	05	N1	1	6	0	50
05N11	05	N1	1	7	0	50
05N11	05	N1	1	8	0	50
05N11	05	N1	1	9	0	50
05N11	05	N1	1	10	0	50
05N11	05	N1	1	11	1	50
05N11	05	N1	1	12	0	50
05N11	05	N1	1	13	1	50
05N11	05	N1	1	14	1	50
05N11	05	N1	1	15	0	50
05N11	05	N1	1	16	0	50
05N11	05	N1	1	17	1	50
05N11	05	N1	1	18	0	50
05N11	05	N1	1	19	0	50
05N11	05	N1	1	20	0	50
05N11	05	N1	1	21	0	50
05N11	05	N1	1	22	0	50
05N11	05	N1	1	23	0	50
05N11	05	N1	1	24	0	50
05N11	05	N1	1	25	1	50
05N11	05	N1	1	26	0	50
05N11	05	N1	1	27	1	50
05N11	05	N1	1	28	0	50
05N11	05	N1	1	29	0	50
05N11	05	N1	1	30	1	50
05N12	05	N1	2	1	0	45
05N12	05	N1	2	2	1	45
05N12	05	N1	2	3	0	45
05N12	05	N1	2	4	1	45
05N12	05	N1	2	5	1	45
05N12	05	N1	2	6	0	45
05N12	05	N1	2	7	0	45
05N12	05	N1	2	8	1	45
05N12	05	N1	2	9	0	45
05N12	05	N1	2	10	0	45
05N12	05	N1	2	11	1	45
05N12	05	N1	2	12	0	45
05N12	05	N1	2	13	1	45
05N12	05	N1	2	14	0	45
05N12	05	N1	2	15	1	45
05N12	05	N1	2	16	0	45
05N12	05	N1	2	17	1	45
05N12	05	N1	2	18	0	45
05N12	05	N1	2	19	0	45
05N12	05	N1	2	20	0	45
05N12	05	N1	2	21	0	45
05N12	05	N1	2	22	0	45
05N12	05	N1	2	23	0	45
05N12	05	N1	2	24	1	45
05N12	05	N1	2	25	0	45
05N12	05	N1	2	26	1	45
05N12	05	N1	2	27	0	45
05N12	05	N1	2	28	0	4
05N12	05	N1	2	29	0	45
05N12	05	N1	2	30	0	45
05N21	05	N2	1	1	0	40
05N21	05	N2	1	2	1	40
05N21	05	N2	1	3	1	40
05N21	05	N2	1	4	0	40
05N21	05	N2	1	5	1	40
05N21	05	N2	1	6	1	40
05N21	05	N2	1	7	0	40
05N21	05	N2	1	8	1	40
05N21	05	N2	1	9	0	40
05N21	05	N2	1	10	0	40
05N21	05	N2	1	11	0	40
05N21	05	N2	1	12	0	40
05N21	05	N2	1	13	0	40
05N21	05	N2	1	14	0	40
05N21	05	N2	1	15	1	40
05N21	05	N2	1	16	0	40
05N21	05	N2	1	17	0	40
05N21	05	N2	1	18	0	40
05N21	05	N2	1	19	1	40
05N21	05	N2	1	20	0	40
05N21	05	N2	1	21	1	40
05N21	05	N2	1	22	0	40
05N21	05	N2	1	23	1	40
05N21	05	N2	1	24	0	40
05N21	05	N2	1	25	0	40
05N21	05	N2	1	26	0	40
05N21	05	N2	1	27	0	40
05N21	05	N2	1	28	0	40
05N21	05	N2	1	29	0	40
05N21	05	N2	1	30	0	40
05N22	05	N2	2	1	0	69
05N22	05	N2	2	2	0	69
05N22	05	N2	2	3	1	69
05N22	05	N2	2	4	0	69
05N22	05	N2	2	5	0	69
05N22	05	N2	2	6	0	69
05N22	05	N2	2	7	1	69
05N22	05	N2	2	8	1	69
05N22	05	N2	2	9	1	69
05N22	05	N2	2	10	0	69
05N22	05	N2	2	11	0	69
05N22	05	N2	2	12	0	69
05N22	05	N2	2	13	1	69
05N22	05	N2	2	14	1	69
05N22	05	N2	2	15	0	69
05N22	05	N2	2	16	0	69
05N22	05	N2	2	17	1	69
05N22	05	N2	2	18	0	69
05N22	05	N2	2	19	0	69
05N22	05	N2	2	20	0	69
05N22	05	N2	2	21	0	69
05N22	05	N2	2	22	0	69
05N22	05	N2	2	23	0	69
05N22	05	N2	2	24	1	69
05N22	05	N2	2	25	1	69
05N22	05	N2	2	26	1	69
05N22	05	N2	2	27	1	69
05N22	05	N2	2	28	1	69
05N22	05	N2	2	29	1	69
05N22	05	N2	2	30	1	69
06D11	06	D1	1	1	0	45
06D11	06	D1	1	2	0	50
06D11	06	D1	1	3	0	64
06D11	06	D1	1	4	1	80
06D11	06	D1	1	5	1	80
06D11	06	D1	1	6	1	20
06D11	06	D1	1	7	0	30
06D11	06	D1	1	8	0	80
06D11	06	D1	1	9	0	64
06D11	06	D1	1	10	1	100
06D11	06	D1	1	11	1	100
06D11	06	D1	1	12	0	64
06D11	06	D1	1	13	1	100
06D11	06	D1	1	14	1	80
06D11	06	D1	1	15	1	76
06D11	06	D1	1	16	1	65
06D11	06	D1	1	17	0	64
06D11	06	D1	1	18	0	80
06D11	06	D1	1	19	0	38
06D11	06	D1	1	20	0	50
06D11	06	D1	1	21	1	64
06D11	06	D1	1	22	1	80
06D11	06	D1	1	23	1	80
06D11	06	D1	1	24	1	80
06D11	06	D1	1	25	0	28
06D11	06	D1	1	26	0	80
06D11	06	D1	1	27	1	50
06D11	06	D1	1	28	1	64
06D11	06	D1	1	29	1	64
06D11	06	D1	1	30	1	48
06D12	06	D1	2	1	0	64
06D12	06	D1	2	2	1	80
06D12	06	D1	2	3	1	80
06D12	06	D1	2	4	0	35
06D12	06	D1	2	5	1	80
06D12	06	D1	2	6	1	58
06D12	06	D1	2	7	1	64
06D12	06	D1	2	8	1	40
06D12	06	D1	2	9	0	28
06D12	06	D1	2	10	1	64
06D12	06	D1	2	11	0	64
06D12	06	D1	2	12	1	78
06D12	06	D1	2	13	1	78
06D12	06	D1	2	14	1	78
06D12	06	D1	2	15	0	80
06D12	06	D1	2	16	1	48
06D12	06	D1	2	17	0	24
06D12	06	D1	2	18	0	45
06D12	06	D1	2	19	0	64
06D12	06	D1	2	20	0	25
06D12	06	D1	2	21	1	80
06D12	06	D1	2	22	1	74
06D12	06	D1	2	23	1	64
06D12	06	D1	2	24	1	75
06D12	06	D1	2	25	0	36
06D12	06	D1	2	26	1	80
06D12	06	D1	2	27	1	50
06D12	06	D1	2	28	1	50
06D12	06	D1	2	29	1	64
06D12	06	D1	2	30	0	66
06D21	06	D2	1	1	0	64
06D21	06	D2	1	2	1	80
06D21	06	D2	1	3	0	36
06D21	06	D2	1	4	0	68
06D21	06	D2	1	5	1	80
06D21	06	D2	1	6	1	27
06D21	06	D2	1	7	0	90
06D21	06	D2	1	8	0	78
06D21	06	D2	1	9	1	48
06D21	06	D2	1	10	1	40
06D21	06	D2	1	11	0	60
06D21	06	D2	1	12	1	74
06D21	06	D2	1	13	0	60
06D21	06	D2	1	14	0	50
06D21	06	D2	1	15	1	76
06D21	06	D2	1	16	0	76
06D21	06	D2	1	17	1	45
06D21	06	D2	1	18	0	30
06D21	06	D2	1	19	0	50
06D21	06	D2	1	20	0	64
06D21	06	D2	1	21	0	80
06D21	06	D2	1	22	0	35
06D21	06	D2	1	23	1	64
06D21	06	D2	1	24	1	90
06D21	06	D2	1	25	1	90
06D21	06	D2	1	26	1	50
06D21	06	D2	1	27	1	64
06D21	06	D2	1	28	0	64
06D21	06	D2	1	29	0	80
06D21	06	D2	1	30	0	48
06D22	06	D2	2	1	1	64
06D22	06	D2	2	2	0	64
06D22	06	D2	2	3	1	70
06D22	06	D2	2	4	0	70
06D22	06	D2	2	5	0	36
06D22	06	D2	2	6	0	48
06D22	06	D2	2	7	1	90
06D22	06	D2	2	8	0	90
06D22	06	D2	2	9	1	121
06D22	06	D2	2	10	1	121
06D22	06	D2	2	11	0	20
06D22	06	D2	2	12	1	58
06D22	06	D2	2	13	0	58
06D22	06	D2	2	14	1	70
06D22	06	D2	2	15	0	70
06D22	06	D2	2	16	0	100
06D22	06	D2	2	17	0	60
06D22	06	D2	2	18	1	36
06D22	06	D2	2	19	1	36
06D22	06	D2	2	20	0	36
06D22	06	D2	2	21	0	50
06D22	06	D2	2	22	0	70
06D22	06	D2	2	23	0	26
06D22	06	D2	2	24	1	16
06D22	06	D2	2	25	0	30
06D22	06	D2	2	26	1	100
06D22	06	D2	2	27	1	64
06D22	06	D2	2	28	1	64
06D22	06	D2	2	29	1	64
06D22	06	D2	2	30	1	50
06N11	06	N1	1	1	0	80
06N11	06	N1	1	2	0	64
06N11	06	N1	1	3	0	36
06N11	06	N1	1	4	0	48
06N11	06	N1	1	5	1	120
06N11	06	N1	1	6	1	90
06N11	06	N1	1	7	1	90
06N11	06	N1	1	8	1	90
06N11	06	N1	1	9	0	64
06N11	06	N1	1	10	1	85
06N11	06	N1	1	11	1	68
06N11	06	N1	1	12	0	36
06N11	06	N1	1	13	0	64
06N11	06	N1	1	14	1	90
06N11	06	N1	1	15	0	76
06N11	06	N1	1	16	1	38
06N11	06	N1	1	17	0	50
06N11	06	N1	1	18	1	80
06N11	06	N1	1	19	0	60
06N11	06	N1	1	20	1	90
06N11	06	N1	1	21	0	90
06N11	06	N1	1	22	0	76
06N11	06	N1	1	23	0	48
06N11	06	N1	1	24	1	36
06N11	06	N1	1	25	0	36
06N11	06	N1	1	26	0	50
06N11	06	N1	1	27	1	64
06N11	06	N1	1	28	1	66
06N11	06	N1	1	29	1	76
06N11	06	N1	1	30	0	46
06N12	06	N1	2	1	1	64
06N12	06	N1	2	2	1	56
06N12	06	N1	2	3	1	48
06N12	06	N1	2	4	0	36
06N12	06	N1	2	5	1	48
06N12	06	N1	2	6	1	76
06N12	06	N1	2	7	0	76
06N12	06	N1	2	8	1	80
06N12	06	N1	2	9	0	50
06N12	06	N1	2	10	0	78
06N12	06	N1	2	11	0	36
06N12	06	N1	2	12	1	80
06N12	06	N1	2	13	0	80
06N12	06	N1	2	14	1	76
06N12	06	N1	2	15	1	64
06N12	06	N1	2	16	0	48
06N12	06	N1	2	17	1	90
06N12	06	N1	2	18	0	75
06N12	06	N1	2	19	0	36
06N12	06	N1	2	20	0	60
06N12	06	N1	2	21	1	74
06N12	06	N1	2	22	0	74
06N12	06	N1	2	23	0	82
06N12	06	N1	2	24	1	26
06N12	06	N1	2	25	0	26
06N12	06	N1	2	26	0	40
06N12	06	N1	2	27	1	58
06N12	06	N1	2	28	1	86
06N12	06	N1	2	29	1	90
06N12	06	N1	2	30	1	64
06N21	06	N2	1	1	0	60
06N21	06	N2	1	2	1	70
06N21	06	N2	1	3	0	70
06N21	06	N2	1	4	1	46
06N21	06	N2	1	5	0	36
06N21	06	N2	1	6	0	64
06N21	06	N2	1	7	0	80
06N21	06	N2	1	8	1	36
06N21	06	N2	1	9	0	48
06N21	06	N2	1	10	1	100
06N21	06	N2	1	11	1	80
06N21	06	N2	1	12	0	48
06N21	06	N2	1	13	1	64
06N21	06	N2	1	14	0	80
06N21	06	N2	1	15	0	50
06N21	06	N2	1	16	1	80
06N21	06	N2	1	17	1	40
06N21	06	N2	1	18	1	60
06N21	06	N2	1	19	0	70
06N21	06	N2	1	20	0	30
06N21	06	N2	1	21	1	60
06N21	06	N2	1	22	0	30
06N21	06	N2	1	23	1	100
06N21	06	N2	1	24	0	36
06N21	06	N2	1	25	0	50
06N21	06	N2	1	26	0	80
06N21	06	N2	1	27	1	64
06N21	06	N2	1	28	1	48
06N21	06	N2	1	29	1	64
06N21	06	N2	1	30	1	64
06N22	06	N2	2	1	0	64
06N22	06	N2	2	2	0	80
06N22	06	N2	2	3	1	48
06N22	06	N2	2	4	1	36
06N22	06	N2	2	5	0	36
06N22	06	N2	2	6	1	80
06N22	06	N2	2	7	1	80
06N22	06	N2	2	8	1	80
06N22	06	N2	2	9	0	70
06N22	06	N2	2	10	1	64
06N22	06	N2	2	11	1	90
06N22	06	N2	2	12	0	56
06N22	06	N2	2	13	1	48
06N22	06	N2	2	14	0	48
06N22	06	N2	2	15	1	100
06N22	06	N2	2	16	0	100
06N22	06	N2	2	17	1	64
06N22	06	N2	2	18	0	36
06N22	06	N2	2	19	1	76
06N22	06	N2	2	20	0	80
06N22	06	N2	2	21	0	76
06N22	06	N2	2	22	0	36
06N22	06	N2	2	23	0	80
06N22	06	N2	2	24	1	78
06N22	06	N2	2	25	0	48
06N22	06	N2	2	26	0	78
06N22	06	N2	2	27	0	48
06N22	06	N2	2	28	1	64
06N22	06	N2	2	29	1	64
06N22	06	N2	2	30	1	78
09D11	09	D1	1	1	1	25
09D11	09	D1	1	2	0	12
09D11	09	D1	1	3	0	18
09D11	09	D1	1	4	1	25
09D11	09	D1	1	5	1	36
09D11	09	D1	1	6	1	22
09D11	09	D1	1	7	0	18
09D11	09	D1	1	8	0	15
09D11	09	D1	1	9	0	45
09D11	09	D1	1	10	0	50
09D11	09	D1	1	11	0	28
09D11	09	D1	1	12	0	76
09D11	09	D1	1	13	1	54
09D11	09	D1	1	14	1	85
09D11	09	D1	1	15	1	26
09D11	09	D1	1	16	1	65
09D11	09	D1	1	17	0	35
09D11	09	D1	1	18	0	66
09D11	09	D1	1	19	1	98
09D11	09	D1	1	20	0	18
09D11	09	D1	1	21	0	78
09D11	09	D1	1	22	0	67
09D11	09	D1	1	23	0	25
09D11	09	D1	1	24	1	15
09D11	09	D1	1	25	0	5
09D11	09	D1	1	26	0	65
09D11	09	D1	1	27	1	98
09D11	09	D1	1	28	0	75
09D11	09	D1	1	29	0	25
09D11	09	D1	1	30	0	20
09D12	09	D1	2	1	0	55
09D12	09	D1	2	2	0	43
09D12	09	D1	2	3	0	32
09D12	09	D1	2	4	0	21
09D12	09	D1	2	5	1	88
09D12	09	D1	2	6	1	77
09D12	09	D1	2	7	0	68
09D12	09	D1	2	8	1	100
09D12	09	D1	2	9	1	98
09D12	09	D1	2	10	0	45
09D12	09	D1	2	11	0	88
09D12	09	D1	2	12	0	65
09D12	09	D1	2	13	0	58
09D12	09	D1	2	14	1	120
09D12	09	D1	2	15	1	98
09D12	09	D1	2	16	0	54
09D12	09	D1	2	17	1	32
09D12	09	D1	2	18	0	16
09D12	09	D1	2	19	0	100
09D12	09	D1	2	20	0	59
09D12	09	D1	2	21	1	85
09D12	09	D1	2	22	0	25
09D12	09	D1	2	23	0	53
09D12	09	D1	2	24	0	101
09D12	09	D1	2	25	1	105
09D12	09	D1	2	26	0	57
09D12	09	D1	2	27	1	105
09D12	09	D1	2	28	0	60
09D12	09	D1	2	29	1	110
09D12	09	D1	2	30	0	25
09D21	09	D2	1	1	1	65
09D21	09	D2	1	2	1	43
09D21	09	D2	1	3	0	23
09D21	09	D2	1	4	0	34
09D21	09	D2	1	5	1	78
09D21	09	D2	1	6	0	66
09D21	09	D2	1	7	1	89
09D21	09	D2	1	8	1	104
09D21	09	D2	1	9	0	56
09D21	09	D2	1	10	0	21
09D21	09	D2	1	11	1	95
09D21	09	D2	1	12	1	56
09D21	09	D2	1	13	0	31
09D21	09	D2	1	14	1	100
09D21	09	D2	1	15	0	75
09D21	09	D2	1	16	1	55
09D21	09	D2	1	17	1	45
09D21	09	D2	1	18	0	21
09D21	09	D2	1	19	0	44
09D21	09	D2	1	20	1	95
09D21	09	D2	1	21	0	85
09D21	09	D2	1	22	1	55
09D21	09	D2	1	23	0	18
09D21	09	D2	1	24	1	34
09D21	09	D2	1	25	0	12
09D21	09	D2	1	26	0	14
09D21	09	D2	1	27	0	33
09D21	09	D2	1	28	0	50
09D21	09	D2	1	29	1	105
09D21	09	D2	1	30	0	77
09D22	09	D2	2	1	0	50
09D22	09	D2	2	2	1	87
09D22	09	D2	2	3	0	23
09D22	09	D2	2	4	1	28
09D22	09	D2	2	5	0	18
09D22	09	D2	2	6	0	87
09D22	09	D2	2	7	1	99
09D22	09	D2	2	8	0	75
09D22	09	D2	2	9	0	45
09D22	09	D2	2	10	0	102
09D22	09	D2	2	11	1	56
09D22	09	D2	2	12	0	18
09D22	09	D2	2	13	1	22
09D22	09	D2	2	14	0	15
09D22	09	D2	2	15	0	45
09D22	09	D2	2	16	1	98
09D22	09	D2	2	17	1	88
09D22	09	D2	2	18	1	67
09D22	09	D2	2	19	0	45
09D22	09	D2	2	20	1	77
09D22	09	D2	2	21	0	22
09D22	09	D2	2	22	0	53
09D22	09	D2	2	23	1	101
09D22	09	D2	2	24	1	101
09D22	09	D2	2	25	1	99
09D22	09	D2	2	26	0	88
09D22	09	D2	2	27	0	98
09D22	09	D2	2	28	0	69
09D22	09	D2	2	29	1	88
09D22	09	D2	2	30	1	24
09N11	09	N1	1	1	1	67
09N11	09	N1	1	2	0	56
09N11	09	N1	1	3	0	88
09N11	09	N1	1	4	1	98
09N11	09	N1	1	5	1	18
09N11	09	N1	1	6	0	98
09N11	09	N1	1	7	1	101
09N11	09	N1	1	8	0	87
09N11	09	N1	1	9	1	99
09N11	09	N1	1	10	1	55
09N11	09	N1	1	11	1	44
09N11	09	N1	1	12	1	26
09N11	09	N1	1	13	0	12
09N11	09	N1	1	14	1	66
09N11	09	N1	1	15	0	77
09N11	09	N1	1	16	1	109
09N11	09	N1	1	17	1	98
09N11	09	N1	1	18	1	75
09N11	09	N1	1	19	1	13
09N11	09	N1	1	20	0	67
09N11	09	N1	1	21	0	88
09N11	09	N1	1	22	0	85
09N11	09	N1	1	23	1	102
09N11	09	N1	1	24	1	55
09N11	09	N1	1	25	0	18
09N11	09	N1	1	26	0	44
09N11	09	N1	1	27	1	76
09N11	09	N1	1	28	0	12
09N11	09	N1	1	29	1	99
09N11	09	N1	1	30	1	45
09N12	09	N1	2	1	1	35
09N12	09	N1	2	2	0	22
09N12	09	N1	2	3	1	99
09N12	09	N1	2	4	0	76
09N12	09	N1	2	5	0	101
09N12	09	N1	2	6	0	25
09N12	09	N1	2	7	1	21
09N12	09	N1	2	8	1	21
09N12	09	N1	2	9	0	55
09N12	09	N1	2	10	0	76
09N12	09	N1	2	11	1	110
09N12	09	N1	2	12	1	110
09N12	09	N1	2	13	1	110
09N12	09	N1	2	14	1	110
09N21	09	N2	1	1	0	24
09N21	09	N2	1	2	0	28
09N21	09	N2	1	3	1	44
09N21	09	N2	1	4	1	87
09N21	09	N2	1	5	1	101
09N21	09	N2	1	6	1	101
09N21	09	N2	1	7	1	101
09N21	09	N2	1	8	1	101
09N21	09	N2	1	9	1	101
09N21	09	N2	1	10	1	101
09N21	09	N2	1	11	0	101
09N21	09	N2	1	12	1	33
09N21	09	N2	1	13	1	18
09N21	09	N2	1	14	0	15
09N21	09	N2	1	15	0	44
09N21	09	N2	1	16	1	66
09N21	09	N2	1	17	1	33
09N21	09	N2	1	18	1	21
09N21	09	N2	1	19	0	12
09N21	09	N2	1	20	0	35
09N21	09	N2	1	21	1	67
09N21	09	N2	1	22	1	56
09N21	09	N2	1	23	0	34
09N21	09	N2	1	24	0	88
09N21	09	N2	1	25	1	55
09N21	09	N2	1	26	0	21
09N21	09	N2	1	27	1	33
09N21	09	N2	1	28	0	33
09N21	09	N2	1	29	0	45
09N21	09	N2	1	30	0	65
09N22	09	N2	2	1	1	56
09N22	09	N2	2	2	0	23
09N22	09	N2	2	3	1	55
09N22	09	N2	2	4	1	89
09N22	09	N2	2	5	1	90
09N22	09	N2	2	6	0	54
09N22	09	N2	2	7	1	77
09N22	09	N2	2	8	1	12
09N22	09	N2	2	9	1	33
09N22	09	N2	2	10	1	32
09N22	09	N2	2	11	1	21
09N22	09	N2	2	12	0	12
09N22	09	N2	2	13	0	12
09N22	09	N2	2	14	0	12
09N22	09	N2	2	15	1	43
09N22	09	N2	2	16	0	66
09N22	09	N2	2	17	1	78
09N22	09	N2	2	18	1	67
09N22	09	N2	2	19	1	67
09N22	09	N2	2	20	0	56
09N22	09	N2	2	21	0	65
09N22	09	N2	2	22	1	65
09N22	09	N2	2	23	1	65
09N22	09	N2	2	24	0	65
09N22	09	N2	2	25	0	65
09N22	09	N2	2	26	0	76
09N22	09	N2	2	27	0	76
09N22	09	N2	2	28	1	76
09N22	09	N2	2	29	1	56
09N22	09	N2	2	30	0	23
10D11	10	D1	1	1	1	70
10D11	10	D1	1	2	1	65
10D11	10	D1	1	3	0	30
10D11	10	D1	1	4	1	40
10D11	10	D1	1	5	1	70
10D11	10	D1	1	6	0	50
10D11	10	D1	1	7	0	50
10D11	10	D1	1	8	1	80
10D11	10	D1	1	9	1	90
10D11	10	D1	1	10	1	60
10D11	10	D1	1	11	0	10
10D11	10	D1	1	12	1	40
10D11	10	D1	1	13	0	50
10D11	10	D1	1	14	0	100
10D11	10	D1	1	15	0	40
10D11	10	D1	1	16	1	80
10D11	10	D1	1	17	0	20
10D11	10	D1	1	18	1	60
10D11	10	D1	1	19	0	60
10D11	10	D1	1	20	0	110
10D11	10	D1	1	21	0	50
10D11	10	D1	1	22	0	30
10D11	10	D1	1	23	0	40
10D11	10	D1	1	24	1	90
10D11	10	D1	1	25	1	60
10D11	10	D1	1	26	0	20
10D11	10	D1	1	27	0	30
10D11	10	D1	1	28	1	70
10D11	10	D1	1	29	0	50
10D11	10	D1	1	30	0	80
10D12	10	D1	2	1	0	50
10D12	10	D1	2	2	0	30
10D12	10	D1	2	3	1	80
10D12	10	D1	2	4	0	80
10D12	10	D1	2	5	1	60
10D12	10	D1	2	6	0	20
10D12	10	D1	2	7	1	50
10D12	10	D1	2	8	1	100
10D12	10	D1	2	9	1	50
10D12	10	D1	2	10	0	70
10D12	10	D1	2	11	0	12
10D12	10	D1	2	12	1	90
10D12	10	D1	2	13	0	40
10D12	10	D1	2	14	1	20
10D12	10	D1	2	15	0	60
10D12	10	D1	2	16	1	60
10D12	10	D1	2	17	0	90
10D12	10	D1	2	18	0	30
10D12	10	D1	2	19	0	40
10D12	10	D1	2	20	0	80
10D12	10	D1	2	21	0	50
10D12	10	D1	2	22	0	10
10D12	10	D1	2	23	0	85
10D12	10	D1	2	24	1	50
10D12	10	D1	2	25	1	50
10D12	10	D1	2	26	0	12
10D12	10	D1	2	27	0	90
10D12	10	D1	2	28	0	50
10D12	10	D1	2	29	0	20
10D12	10	D1	2	30	1	90
10D21	10	D2	1	1	0	50
10D21	10	D2	1	2	1	50
10D21	10	D2	1	3	0	20
10D21	10	D2	1	4	0	80
10D21	10	D2	1	5	1	40
10D21	10	D2	1	6	1	40
10D21	10	D2	1	7	0	80
10D21	10	D2	1	8	1	100
10D21	10	D2	1	9	0	10
10D21	10	D2	1	10	1	60
10D21	10	D2	1	11	0	30
10D21	10	D2	1	12	1	95
10D21	10	D2	1	13	0	40
10D21	10	D2	1	14	0	50
10D21	10	D2	1	15	0	20
10D21	10	D2	1	16	1	100
10D21	10	D2	1	17	0	50
10D21	10	D2	1	18	1	80
10D21	10	D2	1	19	0	80
10D21	10	D2	1	20	0	20
10D21	10	D2	1	21	1	80
10D21	10	D2	1	22	1	48
10D21	10	D2	1	23	0	70
10D21	10	D2	1	24	0	30
10D21	10	D2	1	25	0	50
10D21	10	D2	1	26	1	100
10D21	10	D2	1	27	0	100
10D21	10	D2	1	28	0	70
10D21	10	D2	1	29	0	30
10D21	10	D2	1	30	0	50
10D22	10	D2	2	1	0	50
10D22	10	D2	2	2	0	60
10D22	10	D2	2	3	0	30
10D22	10	D2	2	4	0	40
10D22	10	D2	2	5	0	10
10D22	10	D2	2	6	1	80
10D22	10	D2	2	7	1	80
10D22	10	D2	2	8	1	70
10D22	10	D2	2	9	1	60
10D22	10	D2	2	10	0	50
10D22	10	D2	2	11	1	90
10D22	10	D2	2	12	1	50
10D22	10	D2	2	13	1	50
10D22	10	D2	2	14	1	80
10D22	10	D2	2	15	1	60
10D22	10	D2	2	16	0	30
10D22	10	D2	2	17	1	100
10D22	10	D2	2	18	0	40
10D22	10	D2	2	19	0	70
10D22	10	D2	2	20	1	90
10D22	10	D2	2	21	1	90
10D22	10	D2	2	22	0	40
10D22	10	D2	2	23	1	70
10D22	10	D2	2	24	0	90
10D22	10	D2	2	25	0	80
10D22	10	D2	2	26	0	30
10D22	10	D2	2	27	0	50
10D22	10	D2	2	28	0	70
10D22	10	D2	2	29	1	110
10D22	10	D2	2	30	0	12
10N11	10	N1	1	1	0	50
10N11	10	N1	1	2	0	70
10N11	10	N1	1	3	1	90
10N11	10	N1	1	4	0	20
10N11	10	N1	1	5	1	90
10N11	10	N1	1	6	1	90
10N11	10	N1	1	7	0	40
10N11	10	N1	1	8	1	100
10N11	10	N1	1	9	0	12
10N11	10	N1	1	10	1	80
10N11	10	N1	1	11	0	50
10N11	10	N1	1	12	0	60
10N11	10	N1	1	13	1	100
10N11	10	N1	1	14	0	30
10N11	10	N1	1	15	1	50
10N11	10	N1	1	16	1	70
10N11	10	N1	1	17	1	80
10N11	10	N1	1	18	0	60
10N11	10	N1	1	19	1	90
10N11	10	N1	1	20	1	90
10N11	10	N1	1	21	0	30
10N11	10	N1	1	22	0	60
10N11	10	N1	1	23	1	90
10N11	10	N1	1	24	1	90
10N11	10	N1	1	25	1	40
10N11	10	N1	1	26	0	20
10N11	10	N1	1	27	0	30
10N11	10	N1	1	28	0	40
10N11	10	N1	1	29	1	80
10N11	10	N1	1	30	1	50
10N12	10	N1	2	1	0	40
10N12	10	N1	2	2	0	50
10N12	10	N1	2	3	0	60
10N12	10	N1	2	4	0	20
10N12	10	N1	2	5	0	30
10N12	10	N1	2	6	1	100
10N12	10	N1	2	7	1	30
10N12	10	N1	2	8	0	20
10N12	10	N1	2	9	1	70
10N12	10	N1	2	10	1	80
10N12	10	N1	2	11	0	70
10N12	10	N1	2	12	1	40
10N12	10	N1	2	13	0	50
10N12	10	N1	2	14	0	90
10N12	10	N1	2	15	0	40
10N12	10	N1	2	16	0	12
10N12	10	N1	2	17	1	80
10N12	10	N1	2	18	0	60
10N12	10	N1	2	19	0	70
10N12	10	N1	2	20	0	80
10N12	10	N1	2	21	0	20
10N12	10	N1	2	22	0	40
10N12	10	N1	2	23	1	80
10N12	10	N1	2	24	0	60
10N12	10	N1	2	25	1	90
10N12	10	N1	2	26	1	90
10N12	10	N1	2	27	1	50
10N12	10	N1	2	28	1	40
10N12	10	N1	2	29	1	80
10N12	10	N1	2	30	1	60
10N21	10	N2	1	1	0	40
10N21	10	N2	1	2	1	50
10N21	10	N2	1	3	1	30
10N21	10	N2	1	4	1	80
10N21	10	N2	1	5	1	70
10N21	10	N2	1	6	0	40
10N21	10	N2	1	7	0	30
10N21	10	N2	1	8	1	90
10N21	10	N2	1	9	0	50
10N21	10	N2	1	10	1	90
10N21	10	N2	1	11	1	40
10N21	10	N2	1	12	0	20
10N21	10	N2	1	13	0	50
10N21	10	N2	1	14	1	100
10N21	10	N2	1	15	1	20
10N21	10	N2	1	16	0	50
10N21	10	N2	1	17	1	90
10N21	10	N2	1	18	0	50
10N21	10	N2	1	19	0	50
10N21	10	N2	1	20	0	50
10N21	10	N2	1	21	1	80
10N21	10	N2	1	22	1	80
10N21	10	N2	1	23	0	80
10N21	10	N2	1	24	0	70
10N21	10	N2	1	25	0	90
10N21	10	N2	1	26	0	20
10N21	10	N2	1	27	1	60
10N21	10	N2	1	28	0	40
10N21	10	N2	1	29	1	80
10N21	10	N2	1	30	1	80
10N22	10	N2	2	1	0	40
10N22	10	N2	2	2	0	80
10N22	10	N2	2	3	0	70
10N22	10	N2	2	4	0	30
10N22	10	N2	2	5	1	50
10N22	10	N2	2	6	0	35
10N22	10	N2	2	7	0	80
10N22	10	N2	2	8	1	80
10N22	10	N2	2	9	0	40
10N22	10	N2	2	10	1	50
10N22	10	N2	2	11	0	30
10N22	10	N2	2	12	1	90
10N22	10	N2	2	13	0	12
10N22	10	N2	2	14	1	90
10N22	10	N2	2	15	1	60
10N22	10	N2	2	16	1	40
10N22	10	N2	2	17	1	50
10N22	10	N2	2	18	1	50
10N22	10	N2	2	19	0	30
10N22	10	N2	2	20	1	90
10N22	10	N2	2	21	0	20
10N22	10	N2	2	22	0	50
10N22	10	N2	2	23	1	80
10N22	10	N2	2	24	1	90
10N22	10	N2	2	25	1	50
10N22	10	N2	2	26	0	30
10N22	10	N2	2	27	0	90
10N22	10	N2	2	28	1	90
10N22	10	N2	2	29	1	30
10N22	10	N2	2	30	0	70
07D11	07	D1	1	1	1	64
07D11	07	D1	1	2	1	64
07D11	07	D1	1	3	0	64
07D11	07	D1	1	4	0	64
07D11	07	D1	1	5	0	64
07D11	07	D1	1	6	1	64
07D11	07	D1	1	7	0	64
07D11	07	D1	1	8	1	64
07D11	07	D1	1	9	1	64
07D11	07	D1	1	10	0	64
07D11	07	D1	1	11	0	64
07D11	07	D1	1	12	0	64
07D11	07	D1	1	13	0	64
07D11	07	D1	1	14	0	64
07D11	07	D1	1	15	0	64
07D11	07	D1	1	16	1	64
07D11	07	D1	1	17	0	64
07D11	07	D1	1	18	0	64
07D11	07	D1	1	19	1	64
07D11	07	D1	1	20	1	64
07D11	07	D1	1	21	0	64
07D11	07	D1	1	22	1	64
07D11	07	D1	1	23	1	64
07D11	07	D1	1	24	0	64
07D11	07	D1	1	25	1	64
07D11	07	D1	1	26	1	64
07D11	07	D1	1	27	1	64
07D11	07	D1	1	28	0	64
07D11	07	D1	1	29	1	64
07D11	07	D1	1	30	1	64
07D12	07	D1	2	1	1	64
07D12	07	D1	2	2	1	64
07D12	07	D1	2	3	0	64
07D12	07	D1	2	4	0	64
07D12	07	D1	2	5	1	64
07D12	07	D1	2	6	1	64
07D12	07	D1	2	7	1	64
07D12	07	D1	2	8	1	64
07D12	07	D1	2	9	0	64
07D12	07	D1	2	10	0	64
07D12	07	D1	2	11	1	64
07D12	07	D1	2	12	1	64
07D12	07	D1	2	13	0	64
07D12	07	D1	2	14	1	64
07D12	07	D1	2	15	1	64
07D12	07	D1	2	16	0	64
07D12	07	D1	2	17	1	64
07D12	07	D1	2	18	1	64
07D12	07	D1	2	19	1	64
07D12	07	D1	2	20	0	64
07D12	07	D1	2	21	0	64
07D12	07	D1	2	22	1	64
07D12	07	D1	2	23	0	64
07D12	07	D1	2	24	1	64
07D12	07	D1	2	25	1	64
07D12	07	D1	2	26	1	64
07D12	07	D1	2	27	0	64
07D12	07	D1	2	28	0	64
07D12	07	D1	2	29	1	64
07D12	07	D1	2	30	0	64
07D21	07	D2	1	1	1	64
07D21	07	D2	1	2	0	64
07D21	07	D2	1	3	1	64
07D21	07	D2	1	4	1	64
07D21	07	D2	1	5	0	64
07D21	07	D2	1	6	0	64
07D21	07	D2	1	7	0	64
07D21	07	D2	1	8	1	64
07D21	07	D2	1	9	1	64
07D21	07	D2	1	10	1	64
07D21	07	D2	1	11	1	64
07D21	07	D2	1	12	0	64
07D21	07	D2	1	13	1	64
07D21	07	D2	1	14	1	64
07D21	07	D2	1	15	1	64
07D21	07	D2	1	16	0	64
07D21	07	D2	1	17	1	64
07D21	07	D2	1	18	0	64
07D21	07	D2	1	19	1	64
07D21	07	D2	1	20	1	64
07D21	07	D2	1	21	1	64
07D21	07	D2	1	22	0	64
07D21	07	D2	1	23	1	64
07D21	07	D2	1	24	1	64
07D21	07	D2	1	25	1	64
07D21	07	D2	1	26	1	64
07D21	07	D2	1	27	1	64
07D21	07	D2	1	28	0	64
07D21	07	D2	1	29	1	64
07D21	07	D2	1	30	1	64
07D22	07	D2	2	1	0	64
07D22	07	D2	2	2	1	64
07D22	07	D2	2	3	0	64
07D22	07	D2	2	4	1	64
07D22	07	D2	2	5	0	64
07D22	07	D2	2	6	1	64
07D22	07	D2	2	7	1	64
07D22	07	D2	2	8	0	64
07D22	07	D2	2	9	0	64
07D22	07	D2	2	10	1	64
07D22	07	D2	2	11	0	64
07D22	07	D2	2	12	0	64
07D22	07	D2	2	13	0	64
07D22	07	D2	2	14	0	64
07D22	07	D2	2	15	0	64
07D22	07	D2	2	16	1	64
07D22	07	D2	2	17	0	64
07D22	07	D2	2	18	0	64
07D22	07	D2	2	19	1	64
07D22	07	D2	2	20	1	64
07D22	07	D2	2	21	1	64
07D22	07	D2	2	22	1	64
07D22	07	D2	2	23	0	64
07D22	07	D2	2	24	1	64
07D22	07	D2	2	25	0	64
07D22	07	D2	2	26	1	64
07D22	07	D2	2	27	0	64
07D22	07	D2	2	28	0	64
07D22	07	D2	2	29	1	64
07D22	07	D2	2	30	1	64
07N11	07	N1	1	1	0	64
07N11	07	N1	1	2	0	64
07N11	07	N1	1	3	1	64
07N11	07	N1	1	4	0	64
07N11	07	N1	1	5	1	64
07N11	07	N1	1	6	0	64
07N11	07	N1	1	7	0	64
07N11	07	N1	1	8	1	64
07N11	07	N1	1	9	1	64
07N11	07	N1	1	10	0	64
07N11	07	N1	1	11	1	64
07N11	07	N1	1	12	1	64
07N11	07	N1	1	13	0	64
07N11	07	N1	1	14	0	64
07N11	07	N1	1	15	1	64
07N11	07	N1	1	16	1	64
07N11	07	N1	1	17	1	64
07N11	07	N1	1	18	1	64
07N11	07	N1	1	19	1	64
07N11	07	N1	1	20	0	64
07N11	07	N1	1	21	0	64
07N11	07	N1	1	22	0	64
07N11	07	N1	1	23	0	64
07N11	07	N1	1	24	1	64
07N11	07	N1	1	25	0	64
07N11	07	N1	1	26	0	64
07N11	07	N1	1	27	0	64
07N11	07	N1	1	28	1	64
07N11	07	N1	1	29	1	64
07N11	07	N1	1	30	0	64
07N12	07	N1	2	1	0	64
07N12	07	N1	2	2	0	64
07N12	07	N1	2	3	0	64
07N12	07	N1	2	4	1	64
07N12	07	N1	2	5	1	64
07N12	07	N1	2	6	1	64
07N12	07	N1	2	7	1	64
07N12	07	N1	2	8	1	64
07N12	07	N1	2	9	1	64
07N12	07	N1	2	10	1	64
07N12	07	N1	2	11	1	64
07N12	07	N1	2	12	1	64
07N12	07	N1	2	13	1	64
07N12	07	N1	2	14	1	64
07N12	07	N1	2	15	0	64
07N12	07	N1	2	16	0	64
07N12	07	N1	2	17	1	64
07N12	07	N1	2	18	1	64
07N12	07	N1	2	19	1	64
07N12	07	N1	2	20	0	64
07N12	07	N1	2	21	0	64
07N12	07	N1	2	22	0	64
07N12	07	N1	2	23	1	64
07N12	07	N1	2	24	0	64
07N12	07	N1	2	25	1	64
07N12	07	N1	2	26	0	64
07N12	07	N1	2	27	0	64
07N12	07	N1	2	28	0	64
07N12	07	N1	2	29	1	64
07N12	07	N1	2	30	1	64
07N21	07	N2	1	1	1	64
07N21	07	N2	1	2	0	64
07N21	07	N2	1	3	1	64
07N21	07	N2	1	4	0	64
07N21	07	N2	1	5	1	64
07N21	07	N2	1	6	1	64
07N21	07	N2	1	7	0	64
07N21	07	N2	1	8	0	64
07N21	07	N2	1	9	0	64
07N21	07	N2	1	10	0	64
07N21	07	N2	1	11	0	64
07N21	07	N2	1	12	0	64
07N21	07	N2	1	13	0	64
07N21	07	N2	1	14	0	64
07N21	07	N2	1	15	0	64
07N21	07	N2	1	16	0	64
07N21	07	N2	1	17	0	64
07N21	07	N2	1	18	1	64
07N21	07	N2	1	19	1	64
07N21	07	N2	1	20	1	64
07N21	07	N2	1	21	0	64
07N21	07	N2	1	22	1	64
07N21	07	N2	1	23	1	64
07N21	07	N2	1	24	0	64
07N21	07	N2	1	25	0	64
07N21	07	N2	1	26	1	64
07N21	07	N2	1	27	1	64
07N21	07	N2	1	28	0	64
07N21	07	N2	1	29	1	64
07N21	07	N2	1	30	0	64
07N22	07	N2	2	1	1	64
07N22	07	N2	2	2	1	64
07N22	07	N2	2	3	0	64
07N22	07	N2	2	4	0	64
07N22	07	N2	2	5	0	64
07N22	07	N2	2	6	0	64
07N22	07	N2	2	7	0	64
07N22	07	N2	2	8	1	64
07N22	07	N2	2	9	0	64
07N22	07	N2	2	10	1	64
07N22	07	N2	2	11	1	64
07N22	07	N2	2	12	0	64
07N22	07	N2	2	13	0	64
07N22	07	N2	2	14	0	64
07N22	07	N2	2	15	1	64
07N22	07	N2	2	16	1	64
07N22	07	N2	2	17	1	64
07N22	07	N2	2	18	0	64
07N22	07	N2	2	19	0	64
07N22	07	N2	2	20	0	64
07N22	07	N2	2	21	0	64
07N22	07	N2	2	22	0	64
07N22	07	N2	2	23	0	64
07N22	07	N2	2	24	1	64
07N22	07	N2	2	25	0	64
07N22	07	N2	2	26	1	64
07N22	07	N2	2	27	1	64
07N22	07	N2	2	28	1	64
07N22	07	N2	2	29	1	64
07N22	07	N2	2	30	1	127
08D11	08	D1	1	1	1	64
08D11	08	D1	1	2	0	35
08D11	08	D1	1	3	0	64
08D11	08	D1	1	4	0	35
08D11	08	D1	1	5	1	100
08D11	08	D1	1	6	1	100
08D11	08	D1	1	7	1	64
08D11	08	D1	1	8	0	45
08D11	08	D1	1	9	0	80
08D11	08	D1	1	10	0	25
08D11	08	D1	1	11	1	75
08D11	08	D1	1	12	1	64
08D11	08	D1	1	13	0	35
08D11	08	D1	1	14	0	64
08D11	08	D1	1	15	1	25
08D11	08	D1	1	16	0	100
08D11	08	D1	1	17	1	64
08D11	08	D1	1	18	1	65
08D11	08	D1	1	19	0	25
08D11	08	D1	1	20	0	35
08D11	08	D1	1	21	1	45
08D11	08	D1	1	22	1	64
08D11	08	D1	1	23	1	54
08D11	08	D1	1	24	1	100
08D11	08	D1	1	25	0	80
08D11	08	D1	1	26	1	75
08D11	08	D1	1	27	0	75
08D11	08	D1	1	28	1	25
08D11	08	D1	1	29	1	64
08D11	08	D1	1	30	0	64
08D12	08	D1	2	1	0	65
08D12	08	D1	2	2	1	30
08D12	08	D1	2	3	1	75
08D12	08	D1	2	4	0	45
08D12	08	D1	2	5	1	55
08D12	08	D1	2	6	0	45
08D12	08	D1	2	7	1	100
08D12	08	D1	2	8	0	65
08D12	08	D1	2	9	0	80
08D12	08	D1	2	10	1	95
08D12	08	D1	2	11	0	90
08D12	08	D1	2	12	1	100
08D12	08	D1	2	13	1	64
08D12	08	D1	2	14	1	64
08D12	08	D1	2	15	0	45
08D12	08	D1	2	16	1	75
08D12	08	D1	2	17	0	75
08D12	08	D1	2	18	1	45
08D12	08	D1	2	19	1	55
08D12	08	D1	2	20	0	45
08D12	08	D1	2	21	0	55
08D12	08	D1	2	22	1	65
08D12	08	D1	2	23	1	65
08D12	08	D1	2	24	1	55
08D12	08	D1	2	25	0	56
08D12	08	D1	2	26	1	64
08D12	08	D1	2	27	1	64
08D12	08	D1	2	28	0	64
08D12	08	D1	2	29	0	75
08D12	08	D1	2	30	0	64
08D21	08	D2	1	1	1	64
08D21	08	D2	1	2	0	64
08D21	08	D2	1	3	0	55
08D21	08	D2	1	4	1	75
08D21	08	D2	1	5	0	80
08D21	08	D2	1	6	0	45
08D21	08	D2	1	7	0	35
08D21	08	D2	1	8	0	64
08D21	08	D2	1	9	1	45
08D21	08	D2	1	10	0	55
08D21	08	D2	1	11	1	75
08D21	08	D2	1	12	1	90
08D21	08	D2	1	13	1	45
08D21	08	D2	1	14	0	55
08D21	08	D2	1	15	1	75
08D21	08	D2	1	16	0	35
08D21	08	D2	1	17	1	54
08D21	08	D2	1	18	0	64
08D21	08	D2	1	19	0	75
08D21	08	D2	1	20	0	45
08D21	08	D2	1	21	1	64
08D21	08	D2	1	22	1	64
08D21	08	D2	1	23	1	35
08D21	08	D2	1	24	1	50
08D21	08	D2	1	25	1	65
08D21	08	D2	1	26	1	64
08D21	08	D2	1	27	0	35
08D21	08	D2	1	28	1	64
08D21	08	D2	1	29	0	50
08D21	08	D2	1	30	1	64
08D22	08	D2	2	1	1	64
08D22	08	D2	2	2	0	64
08D22	08	D2	2	3	1	64
08D22	08	D2	2	4	0	25
08D22	08	D2	2	5	1	64
08D22	08	D2	2	6	0	45
08D22	08	D2	2	7	1	64
08D22	08	D2	2	8	1	75
08D22	08	D2	2	9	0	45
08D22	08	D2	2	10	1	75
08D22	08	D2	2	11	1	35
08D22	08	D2	2	12	1	100
08D22	08	D2	2	13	0	35
08D22	08	D2	2	14	1	64
08D22	08	D2	2	15	1	54
08D22	08	D2	2	16	1	45
08D22	08	D2	2	17	0	65
08D22	08	D2	2	18	0	10
08D22	08	D2	2	19	1	100
08D22	08	D2	2	20	1	100
08D22	08	D2	2	21	1	95
08D22	08	D2	2	22	1	85
08D22	08	D2	2	23	0	55
08D22	08	D2	2	24	1	64
08D22	08	D2	2	25	0	34
08D22	08	D2	2	26	0	65
08D22	08	D2	2	27	0	85
08D22	08	D2	2	28	0	55
08D22	08	D2	2	29	1	65
08D22	08	D2	2	30	1	35
08N11	08	N1	1	1	0	64
08N11	08	N1	1	2	0	45
08N11	08	N1	1	3	0	54
08N11	08	N1	1	4	1	75
08N11	08	N1	1	5	0	75
08N11	08	N1	1	6	0	55
08N11	08	N1	1	7	0	75
08N11	08	N1	1	8	0	64
08N11	08	N1	1	9	0	45
08N11	08	N1	1	10	0	35
08N11	08	N1	1	11	1	75
08N11	08	N1	1	12	1	44
08N11	08	N1	1	13	0	25
08N11	08	N1	1	14	0	35
08N11	08	N1	1	15	1	86
08N11	08	N1	1	16	1	67
08N11	08	N1	1	17	0	25
08N11	08	N1	1	18	0	65
08N11	08	N1	1	19	1	75
08N11	08	N1	1	20	0	90
08N11	08	N1	1	21	0	55
08N11	08	N1	1	22	0	75
08N11	08	N1	1	23	0	45
08N11	08	N1	1	24	0	32
08N11	08	N1	1	25	0	64
08N11	08	N1	1	26	1	87
08N11	08	N1	1	27	1	65
08N11	08	N1	1	28	0	45
08N11	08	N1	1	29	1	76
08N11	08	N1	1	30	0	76
08N12	08	N1	2	1	0	64
08N12	08	N1	2	2	0	75
08N12	08	N1	2	3	0	45
08N12	08	N1	2	4	1	25
08N12	08	N1	2	5	1	35
08N12	08	N1	2	6	0	45
08N12	08	N1	2	7	1	65
08N12	08	N1	2	8	1	74
08N12	08	N1	2	9	0	44
08N12	08	N1	2	10	1	75
08N12	08	N1	2	11	0	45
08N12	08	N1	2	12	0	67
08N12	08	N1	2	13	0	68
08N12	08	N1	2	14	1	54
08N12	08	N1	2	15	1	45
08N12	08	N1	2	16	0	45
08N12	08	N1	2	17	0	45
08N12	08	N1	2	18	0	64
08N12	08	N1	2	19	1	76
08N12	08	N1	2	20	1	45
08N12	08	N1	2	21	1	76
08N12	08	N1	2	22	0	87
08N12	08	N1	2	23	0	34
08N12	08	N1	2	24	0	45
08N12	08	N1	2	25	0	76
08N12	08	N1	2	26	0	76
08N12	08	N1	2	27	0	56
08N12	08	N1	2	28	0	64
08N12	08	N1	2	29	1	45
08N12	08	N1	2	30	0	56
08N21	08	N2	1	1	1	75
08N21	08	N2	1	2	0	76
08N21	08	N2	1	3	0	45
08N21	08	N2	1	4	1	76
08N21	08	N2	1	5	1	56
08N21	08	N2	1	6	0	76
08N21	08	N2	1	7	1	87
08N21	08	N2	1	8	1	67
08N21	08	N2	1	9	1	56
08N21	08	N2	1	10	0	34
08N21	08	N2	1	11	0	45
08N21	08	N2	1	12	0	56
08N21	08	N2	1	13	0	67
08N21	08	N2	1	14	1	76
08N21	08	N2	1	15	1	76
08N21	08	N2	1	16	1	87
08N21	08	N2	1	17	1	20
08N21	08	N2	1	18	0	20
08N21	08	N2	1	19	0	87
08N21	08	N2	1	20	0	87
08N21	08	N2	1	21	0	56
08N21	08	N2	1	22	1	87
08N21	08	N2	1	23	1	24
08N21	08	N2	1	24	1	45
08N21	08	N2	1	25	0	56
08N21	08	N2	1	26	0	78
08N21	08	N2	1	27	1	87
08N21	08	N2	1	28	1	65
08N21	08	N2	1	29	1	65
08N21	08	N2	1	30	0	56
08N22	08	N2	2	1	1	64
08N22	08	N2	2	2	1	45
08N22	08	N2	2	3	0	35
08N22	08	N2	2	4	0	56
08N22	08	N2	2	5	0	67
08N22	08	N2	2	6	1	76
08N22	08	N2	2	7	1	56
08N22	08	N2	2	8	1	67
08N22	08	N2	2	9	0	78
08N22	08	N2	2	10	1	89
08N22	08	N2	2	11	1	78
08N22	08	N2	2	12	1	45
08N22	08	N2	2	13	1	56
08N22	08	N2	2	14	0	56
08N22	08	N2	2	15	1	78
08N22	08	N2	2	16	1	89
08N22	08	N2	2	17	1	56
08N22	08	N2	2	18	0	45
08N22	08	N2	2	19	1	67
08N22	08	N2	2	20	0	78
08N22	08	N2	2	21	0	89
08N22	08	N2	2	22	1	78
08N22	08	N2	2	23	0	56
08N22	08	N2	2	24	1	67
08N22	08	N2	2	25	0	76
08N22	08	N2	2	26	0	45
08N22	08	N2	2	27	1	67
08N22	08	N2	2	28	1	78
08N22	08	N2	2	29	0	87
08N22	08	N2	2	30	0	45
01D11	01	D1	1	1	1	64
01D11	01	D1	1	2	1	64
01D11	01	D1	1	3	0	64
01D11	01	D1	1	4	1	64
01D11	01	D1	1	5	1	64
01D11	01	D1	1	6	0	64
01D11	01	D1	1	7	1	64
01D11	01	D1	1	8	1	64
01D11	01	D1	1	9	1	64
01D11	01	D1	1	10	1	64
01D11	01	D1	1	11	1	64
01D11	01	D1	1	12	1	64
01D11	01	D1	1	13	0	64
01D11	01	D1	1	14	0	64
01D11	01	D1	1	15	1	64
01D11	01	D1	1	16	1	64
01D11	01	D1	1	17	1	64
01D11	01	D1	1	18	0	64
01D11	01	D1	1	19	1	64
01D11	01	D1	1	20	0	64
01D11	01	D1	1	21	1	64
01D11	01	D1	1	22	1	64
01D11	01	D1	1	23	1	64
01D11	01	D1	1	24	0	64
01D11	01	D1	1	25	0	64
01D11	01	D1	1	26	1	64
01D11	01	D1	1	27	0	64
01D11	01	D1	1	28	1	64
01D11	01	D1	1	29	1	64
01D11	01	D1	1	30	1	64
01D12	01	D1	2	1	0	80
01D12	01	D1	2	2	1	80
01D12	01	D1	2	3	1	85
01D12	01	D1	2	4	0	85
01D12	01	D1	2	5	0	95
01D12	01	D1	2	6	0	85
01D12	01	D1	2	7	1	85
01D12	01	D1	2	8	1	85
01D12	01	D1	2	9	0	80
01D12	01	D1	2	10	0	85
01D12	01	D1	2	11	1	95
01D12	01	D1	2	12	1	85
01D12	01	D1	2	13	1	85
01D12	01	D1	2	14	1	90
01D12	01	D1	2	15	1	85
01D12	01	D1	2	16	1	85
01D12	01	D1	2	17	1	85
01D12	01	D1	2	18	1	90
01D12	01	D1	2	19	0	75
01D12	01	D1	2	20	1	75
01D12	01	D1	2	21	0	75
01D12	01	D1	2	22	1	75
01D12	01	D1	2	23	1	75
01D12	01	D1	2	24	0	75
01D12	01	D1	2	25	0	75
01D12	01	D1	2	26	1	85
01D12	01	D1	2	27	0	85
01D12	01	D1	2	28	1	85
01D12	01	D1	2	29	0	85
01D12	01	D1	2	30	1	85
01D21	01	D2	1	1	0	70
01D21	01	D2	1	2	1	70
01D21	01	D2	1	3	0	70
01D21	01	D2	1	4	0	70
01D21	01	D2	1	5	1	70
01D21	01	D2	1	6	1	70
01D21	01	D2	1	7	1	70
01D21	01	D2	1	8	1	70
01D21	01	D2	1	9	1	70
01D21	01	D2	1	10	1	70
01D21	01	D2	1	11	1	85
01D21	01	D2	1	12	1	85
01D21	01	D2	1	13	1	85
01D21	01	D2	1	14	1	80
01D21	01	D2	1	15	1	80
01D21	01	D2	1	16	1	80
01D21	01	D2	1	17	0	80
01D21	01	D2	1	18	1	80
01D21	01	D2	1	19	1	80
01D21	01	D2	1	20	1	70
01D21	01	D2	1	21	1	70
01D21	01	D2	1	22	0	70
01D21	01	D2	1	23	0	70
01D21	01	D2	1	24	1	70
01D21	01	D2	1	25	1	70
01D21	01	D2	1	26	1	70
01D21	01	D2	1	27	0	70
01D21	01	D2	1	28	1	70
01D21	01	D2	1	29	0	70
01D21	01	D2	1	30	0	70
01D22	01	D2	2	1	1	74
01D22	01	D2	2	2	0	74
01D22	01	D2	2	3	1	74
01D22	01	D2	2	4	0	74
01D22	01	D2	2	5	1	74
01D22	01	D2	2	6	1	74
01D22	01	D2	2	7	0	74
01D22	01	D2	2	8	1	89
01D22	01	D2	2	9	0	89
01D22	01	D2	2	10	1	89
01D22	01	D2	2	11	1	89
01D22	01	D2	2	12	1	89
01D22	01	D2	2	13	0	89
01D22	01	D2	2	14	1	89
01D22	01	D2	2	15	1	89
01D22	01	D2	2	16	1	89
01D22	01	D2	2	17	0	89
01D22	01	D2	2	18	1	89
01D22	01	D2	2	19	0	89
01D22	01	D2	2	20	1	89
01D22	01	D2	2	21	1	89
01D22	01	D2	2	22	1	89
01D22	01	D2	2	23	0	89
01D22	01	D2	2	24	1	89
01D22	01	D2	2	25	1	89
01D22	01	D2	2	26	0	89
01D22	01	D2	2	27	1	89
01D22	01	D2	2	28	0	89
01D22	01	D2	2	29	1	89
01D22	01	D2	2	30	1	89
01N11	01	N1	1	1	1	84
01N11	01	N1	1	2	0	84
01N11	01	N1	1	3	1	84
01N11	01	N1	1	4	1	84
01N11	01	N1	1	5	1	84
01N11	01	N1	1	6	1	80
01N11	01	N1	1	7	0	80
01N11	01	N1	1	8	1	80
01N11	01	N1	1	9	1	85
01N11	01	N1	1	10	1	95
01N11	01	N1	1	11	0	84
01N11	01	N1	1	12	1	84
01N11	01	N1	1	13	1	84
01N11	01	N1	1	14	1	84
01N11	01	N1	1	15	1	84
01N11	01	N1	1	16	1	74
01N11	01	N1	1	17	1	74
01N11	01	N1	1	18	1	74
01N11	01	N1	1	19	1	70
01N11	01	N1	1	20	1	70
01N11	01	N1	1	21	0	70
01N11	01	N1	1	22	1	70
01N11	01	N1	1	23	1	70
01N11	01	N1	1	24	1	85
01N11	01	N1	1	25	1	95
01N11	01	N1	1	26	1	95
01N11	01	N1	1	27	0	95
01N11	01	N1	1	28	1	90
01N11	01	N1	1	29	0	90
01N11	01	N1	1	30	0	95
01N12	01	N1	2	1	0	70
01N12	01	N1	2	2	0	70
01N12	01	N1	2	3	0	70
01N12	01	N1	2	4	1	70
01N12	01	N1	2	5	0	70
01N12	01	N1	2	6	0	70
01N12	01	N1	2	7	0	70
01N12	01	N1	2	8	0	80
01N12	01	N1	2	9	0	70
01N12	01	N1	2	10	1	70
01N12	01	N1	2	11	0	70
01N12	01	N1	2	12	1	70
01N12	01	N1	2	13	0	70
01N12	01	N1	2	14	1	80
01N12	01	N1	2	15	0	80
01N12	01	N1	2	16	0	80
01N12	01	N1	2	17	1	80
01N12	01	N1	2	18	1	80
01N12	01	N1	2	19	0	80
01N12	01	N1	2	20	1	80
01N12	01	N1	2	21	0	80
01N12	01	N1	2	22	0	80
01N12	01	N1	2	23	1	80
01N12	01	N1	2	24	0	80
01N12	01	N1	2	25	1	80
01N12	01	N1	2	26	0	80
01N12	01	N1	2	27	1	80
01N12	01	N1	2	28	1	80
01N12	01	N1	2	29	1	80
01N12	01	N1	2	30	0	80
01N21	01	N2	1	1	1	79
01N21	01	N2	1	2	1	79
01N21	01	N2	1	3	1	79
01N21	01	N2	1	4	1	69
01N21	01	N2	1	5	1	69
01N21	01	N2	1	6	1	69
01N21	01	N2	1	7	0	69
01N21	01	N2	1	8	0	69
01N21	01	N2	1	9	1	69
01N21	01	N2	1	10	1	69
01N21	01	N2	1	11	1	69
01N21	01	N2	1	12	0	69
01N21	01	N2	1	13	1	69
01N21	01	N2	1	14	0	69
01N21	01	N2	1	15	1	70
01N21	01	N2	1	16	0	70
01N21	01	N2	1	17	0	85
01N21	01	N2	1	18	0	85
01N21	01	N2	1	19	1	80
01N21	01	N2	1	20	1	80
01N21	01	N2	1	21	0	80
01N21	01	N2	1	22	1	80
01N21	01	N2	1	23	1	80
01N21	01	N2	1	24	0	80
01N21	01	N2	1	25	1	80
01N21	01	N2	1	26	1	80
01N21	01	N2	1	27	1	80
01N21	01	N2	1	28	0	80
01N21	01	N2	1	29	1	80
01N21	01	N2	1	30	0	80
01N22	01	N2	2	1	1	69
01N22	01	N2	2	2	1	69
01N22	01	N2	2	3	0	69
01N22	01	N2	2	4	0	69
01N22	01	N2	2	5	0	69
01N22	01	N2	2	6	1	69
01N22	01	N2	2	7	1	69
01N22	01	N2	2	8	1	69
01N22	01	N2	2	9	0	69
01N22	01	N2	2	10	1	69
01N22	01	N2	2	11	1	69
01N22	01	N2	2	12	1	69
01N22	01	N2	2	13	1	69
01N22	01	N2	2	14	0	69
01N22	01	N2	2	15	0	69
01N22	01	N2	2	16	1	69
01N22	01	N2	2	17	0	69
01N22	01	N2	2	18	1	69
01N22	01	N2	2	19	1	69
01N22	01	N2	2	20	1	69
01N22	01	N2	2	21	0	69
01N22	01	N2	2	22	0	69
01N22	01	N2	2	23	0	85
01N22	01	N2	2	24	1	85
01N22	01	N2	2	25	1	85
01N22	01	N2	2	26	0	69
01N22	01	N2	2	27	0	69
01N22	01	N2	2	28	1	69
01N22	01	N2	2	29	1	69
01N22	01	N2	2	30	0	69
02D11	02	D1	1	1	0	60
02D11	02	D1	1	2	1	70
02D11	02	D1	1	3	0	70
02D11	02	D1	1	4	1	68
02D11	02	D1	1	5	0	60
02D11	02	D1	1	6	0	65
02D11	02	D1	1	7	0	50
02D11	02	D1	1	8	0	80
02D11	02	D1	1	9	1	70
02D11	02	D1	1	10	1	64
02D11	02	D1	1	11	1	70
02D11	02	D1	1	12	0	50
02D11	02	D1	1	13	0	64
02D11	02	D1	1	14	1	38
02D11	02	D1	1	15	0	38
02D11	02	D1	1	16	1	64
02D11	02	D1	1	17	0	60
02D11	02	D1	1	18	0	80
02D11	02	D1	1	19	1	55
02D11	02	D1	1	20	1	55
02D11	02	D1	1	21	1	55
02D11	02	D1	1	22	1	60
02D11	02	D1	1	23	0	50
02D11	02	D1	1	24	0	60
02D11	02	D1	1	25	0	55
02D11	02	D1	1	26	1	80
02D11	02	D1	1	27	1	66
02D11	02	D1	1	28	0	66
02D11	02	D1	1	29	0	64
02D11	02	D1	1	30	1	70
02D12	02	D1	2	1	1	80
02D12	02	D1	2	2	1	80
02D12	02	D1	2	3	0	60
02D12	02	D1	2	4	1	69
02D12	02	D1	2	5	1	50
02D12	02	D1	2	6	0	60
02D12	02	D1	2	7	1	80
02D12	02	D1	2	8	0	40
02D12	02	D1	2	9	1	50
02D12	02	D1	2	10	1	40
02D12	02	D1	2	11	0	40
02D12	02	D1	2	12	0	50
02D12	02	D1	2	13	0	66
02D12	02	D1	2	14	0	50
02D12	02	D1	2	15	1	60
02D12	02	D1	2	16	1	50
02D12	02	D1	2	17	0	50
02D12	02	D1	2	18	0	50
02D12	02	D1	2	19	0	55
02D12	02	D1	2	20	1	60
02D12	02	D1	2	21	0	60
02D12	02	D1	2	22	1	70
02D12	02	D1	2	23	0	70
02D12	02	D1	2	24	1	70
02D12	02	D1	2	25	1	70
02D12	02	D1	2	26	1	60
02D12	02	D1	2	27	0	50
02D12	02	D1	2	28	0	50
02D12	02	D1	2	29	0	60
02D12	02	D1	2	30	0	60
02D21	02	D2	1	1	1	60
02D21	02	D2	1	2	1	60
02D21	02	D2	1	3	1	50
02D21	02	D2	1	4	0	50
02D21	02	D2	1	5	0	50
02D21	02	D2	1	6	0	50
02D21	02	D2	1	7	0	50
02D21	02	D2	1	8	0	50
02D21	02	D2	1	9	1	60
02D21	02	D2	1	10	1	60
02D21	02	D2	1	11	1	60
02D21	02	D2	1	12	0	60
02D21	02	D2	1	13	1	60
02D21	02	D2	1	14	1	60
02D21	02	D2	1	15	0	60
02D21	02	D2	1	16	1	60
02D21	02	D2	1	17	0	60
02D21	02	D2	1	18	0	60
02D21	02	D2	1	19	0	70
02D21	02	D2	1	20	0	70
02D21	02	D2	1	21	1	78
02D21	02	D2	1	22	0	70
02D21	02	D2	1	23	1	70
02D21	02	D2	1	24	1	70
02D21	02	D2	1	25	0	70
02D21	02	D2	1	26	0	65
02D21	02	D2	1	27	1	65
02D21	02	D2	1	28	0	70
02D21	02	D2	1	29	0	70
02D21	02	D2	1	30	0	60
02D22	02	D2	2	1	0	80
02D22	02	D2	2	2	1	80
02D22	02	D2	2	3	1	80
02D22	02	D2	2	4	0	60
02D22	02	D2	2	5	0	50
02D22	02	D2	2	6	0	60
02D22	02	D2	2	7	0	80
02D22	02	D2	2	8	1	60
02D22	02	D2	2	9	0	50
02D22	02	D2	2	10	0	66
02D22	02	D2	2	11	1	70
02D22	02	D2	2	12	0	50
02D22	02	D2	2	13	1	60
02D22	02	D2	2	14	1	60
02D22	02	D2	2	15	1	55
02D22	02	D2	2	16	0	60
02D22	02	D2	2	17	1	70
02D22	02	D2	2	18	0	64
02D22	02	D2	2	19	1	70
02D22	02	D2	2	20	1	70
02D22	02	D2	2	21	1	70
02D22	02	D2	2	22	0	70
02D22	02	D2	2	23	1	50
02D22	02	D2	2	24	1	50
02D22	02	D2	2	25	0	50
02D22	02	D2	2	26	0	60
02D22	02	D2	2	27	1	60
02D22	02	D2	2	28	0	60
02D22	02	D2	2	29	0	60
02D22	02	D2	2	30	1	70
02N11	02	N1	1	1	1	64
02N11	02	N1	1	2	0	64
02N11	02	N1	1	3	0	64
02N11	02	N1	1	4	1	64
02N11	02	N1	1	5	1	64
02N11	02	N1	1	6	1	64
02N11	02	N1	1	7	0	64
02N11	02	N1	1	8	0	64
02N11	02	N1	1	9	0	64
02N11	02	N1	1	10	0	64
02N11	02	N1	1	11	1	64
02N11	02	N1	1	12	1	64
02N11	02	N1	1	13	1	64
02N11	02	N1	1	14	1	64
02N11	02	N1	1	15	1	64
02N11	02	N1	1	16	0	64
02N11	02	N1	1	17	0	64
02N11	02	N1	1	18	0	64
02N11	02	N1	1	19	0	64
02N11	02	N1	1	20	1	64
02N11	02	N1	1	21	0	64
02N11	02	N1	1	22	0	64
02N11	02	N1	1	23	0	64
02N11	02	N1	1	24	0	64
02N11	02	N1	1	25	1	64
02N11	02	N1	1	26	0	64
02N11	02	N1	1	27	1	64
02N11	02	N1	1	28	1	64
02N11	02	N1	1	29	0	64
02N11	02	N1	1	30	1	64
02N12	02	N1	2	1	1	64
02N12	02	N1	2	2	1	64
02N12	02	N1	2	3	1	64
02N12	02	N1	2	4	0	64
02N12	02	N1	2	5	1	64
02N12	02	N1	2	6	1	64
02N12	02	N1	2	7	1	64
02N12	02	N1	2	8	1	64
02N12	02	N1	2	9	1	64
02N12	02	N1	2	10	0	64
02N12	02	N1	2	11	1	64
02N12	02	N1	2	12	1	64
02N12	02	N1	2	13	0	64
02N12	02	N1	2	14	1	64
02N12	02	N1	2	15	0	64
02N12	02	N1	2	16	1	64
02N12	02	N1	2	17	0	64
02N12	02	N1	2	18	1	64
02N12	02	N1	2	19	1	64
02N12	02	N1	2	20	0	64
02N12	02	N1	2	21	1	64
02N12	02	N1	2	22	1	64
02N12	02	N1	2	23	0	64
02N12	02	N1	2	24	1	64
02N12	02	N1	2	25	1	64
02N12	02	N1	2	26	0	64
02N12	02	N1	2	27	0	64
02N12	02	N1	2	28	1	64
02N12	02	N1	2	29	0	64
02N12	02	N1	2	30	1	100
02N21	02	N2	1	1	1	70
02N21	02	N2	1	2	0	60
02N21	02	N2	1	3	1	80
02N21	02	N2	1	4	0	80
02N21	02	N2	1	5	1	70
02N21	02	N2	1	6	0	68
02N21	02	N2	1	7	1	50
02N21	02	N2	1	8	1	50
02N21	02	N2	1	9	0	60
02N21	02	N2	1	10	1	80
02N21	02	N2	1	11	1	80
02N21	02	N2	1	12	0	80
02N21	02	N2	1	13	1	66
02N21	02	N2	1	14	0	60
02N21	02	N2	1	15	0	60
02N21	02	N2	1	16	0	80
02N21	02	N2	1	17	0	70
02N21	02	N2	1	18	0	50
02N21	02	N2	1	19	0	66
02N21	02	N2	1	20	0	70
02N21	02	N2	1	21	0	80
02N21	02	N2	1	22	0	60
02N21	02	N2	1	23	1	66
02N21	02	N2	1	24	0	60
02N21	02	N2	1	25	0	50
02N21	02	N2	1	26	1	70
02N21	02	N2	1	27	0	70
02N21	02	N2	1	28	1	60
02N21	02	N2	1	29	0	60
02N21	02	N2	1	30	1	60
02N22	02	N2	2	1	1	80
02N22	02	N2	2	2	0	80
02N22	02	N2	2	3	0	70
02N22	02	N2	2	4	0	80
02N22	02	N2	2	5	0	60
02N22	02	N2	2	6	0	70
02N22	02	N2	2	7	0	60
02N22	02	N2	2	8	1	80
02N22	02	N2	2	9	1	80
02N22	02	N2	2	10	1	50
02N22	02	N2	2	11	1	60
02N22	02	N2	2	12	0	50
02N22	02	N2	2	13	0	80
02N22	02	N2	2	14	0	60
02N22	02	N2	2	15	0	70
02N22	02	N2	2	16	1	60
02N22	02	N2	2	17	1	50
02N22	02	N2	2	18	1	50
02N22	02	N2	2	19	0	50
02N22	02	N2	2	20	1	80
02N22	02	N2	2	21	0	80
02N22	02	N2	2	22	0	60
02N22	02	N2	2	23	1	70
02N22	02	N2	2	24	1	80
02N22	02	N2	2	25	0	80
02N22	02	N2	2	26	1	60
02N22	02	N2	2	27	1	60
02N22	02	N2	2	28	0	60
02N22	02	N2	2	29	0	80
02N22	02	N2	2	30	1	60
11D11	11	D1	1	1	1	64
11D11	11	D1	1	2	0	48
11D11	11	D1	1	3	0	54
11D11	11	D1	1	4	0	65
11D11	11	D1	1	5	0	72
11D11	11	D1	1	6	0	70
11D11	11	D1	1	7	0	80
11D11	11	D1	1	8	1	80
11D11	11	D1	1	9	1	80
11D11	11	D1	1	10	0	70
11D11	11	D1	1	11	0	70
11D11	11	D1	1	12	0	80
11D11	11	D1	1	13	1	80
11D11	11	D1	1	14	1	90
11D11	11	D1	1	15	1	90
11D11	11	D1	1	16	0	70
11D11	11	D1	1	17	1	75
11D11	11	D1	1	18	1	70
11D11	11	D1	1	19	0	50
11D11	11	D1	1	20	0	60
11D11	11	D1	1	21	1	70
11D11	11	D1	1	22	0	70
11D11	11	D1	1	23	0	70
11D11	11	D1	1	24	1	75
11D11	11	D1	1	25	1	70
11D11	11	D1	1	26	1	70
11D11	11	D1	1	27	1	80
11D11	11	D1	1	28	1	60
11D11	11	D1	1	29	1	50
11D11	11	D1	1	30	0	40
11D12	11	D1	2	1	1	45
11D12	11	D1	2	2	1	45
11D12	11	D1	2	3	1	45
11D12	11	D1	2	4	0	60
11D12	11	D1	2	5	1	70
11D12	11	D1	2	6	0	60
11D12	11	D1	2	7	0	80
11D12	11	D1	2	8	1	80
11D12	11	D1	2	9	0	70
11D12	11	D1	2	10	0	80
11D12	11	D1	2	11	1	90
11D12	11	D1	2	12	1	90
11D12	11	D1	2	13	0	70
11D12	11	D1	2	14	1	70
11D12	11	D1	2	15	1	50
11D12	11	D1	2	16	0	40
11D12	11	D1	2	17	0	50
11D12	11	D1	2	18	0	60
11D12	11	D1	2	19	0	70
11D12	11	D1	2	20	0	70
11D12	11	D1	2	21	1	70
11D12	11	D1	2	22	0	70
11D12	11	D1	2	23	1	70
11D12	11	D1	2	24	0	60
11D12	11	D1	2	25	1	65
11D12	11	D1	2	26	0	50
11D12	11	D1	2	27	0	50
11D12	11	D1	2	28	1	60
11D12	11	D1	2	29	1	60
11D12	11	D1	2	30	1	50
11D21	11	D2	1	1	0	30
11D21	11	D2	1	2	0	40
11D21	11	D2	1	3	0	40
11D21	11	D2	1	4	0	40
11D21	11	D2	1	5	1	80
11D21	11	D2	1	6	0	40
11D21	11	D2	1	7	0	50
11D21	11	D2	1	8	0	60
11D21	11	D2	1	9	0	70
11D21	11	D2	1	10	1	70
11D21	11	D2	1	11	0	70
11D21	11	D2	1	12	1	80
11D21	11	D2	1	13	1	80
11D21	11	D2	1	14	0	60
11D21	11	D2	1	15	0	60
11D21	11	D2	1	16	0	70
11D21	11	D2	1	17	0	80
11D21	11	D2	1	18	0	80
11D21	11	D2	1	19	1	80
11D21	11	D2	1	20	1	50
11D21	11	D2	1	21	0	40
11D21	11	D2	1	22	1	60
11D21	11	D2	1	23	1	60
11D21	11	D2	1	24	0	60
11D21	11	D2	1	25	1	60
11D21	11	D2	1	26	0	60
11D21	11	D2	1	27	1	70
11D21	11	D2	1	28	1	70
11D21	11	D2	1	29	1	70
11D21	11	D2	1	30	0	60
11D22	11	D2	2	1	0	25
11D22	11	D2	2	2	0	15
11D22	11	D2	2	3	1	40
11D22	11	D2	2	4	1	50
11D22	11	D2	2	5	1	50
11D22	11	D2	2	6	0	60
11D22	11	D2	2	7	1	70
11D22	11	D2	2	8	1	70
11D22	11	D2	2	9	1	70
11D22	11	D2	2	10	0	70
11D22	11	D2	2	11	0	80
11D22	11	D2	2	12	1	80
11D22	11	D2	2	13	0	60
11D22	11	D2	2	14	1	80
11D22	11	D2	2	15	1	80
11D22	11	D2	2	16	0	80
11D22	11	D2	2	17	0	80
11D22	11	D2	2	18	1	80
11D22	11	D2	2	19	1	60
11D22	11	D2	2	20	0	50
11D22	11	D2	2	21	0	60
11D22	11	D2	2	22	0	60
11D22	11	D2	2	23	1	70
11D22	11	D2	2	24	1	60
11D22	11	D2	2	25	0	60
11D22	11	D2	2	26	1	60
11D22	11	D2	2	27	0	50
11D22	11	D2	2	28	1	60
11D22	11	D2	2	29	0	50
11D22	11	D2	2	30	0	60
11N11	11	N1	1	1	0	25
11N11	11	N1	1	2	1	30
11N11	11	N1	1	3	0	20
11N11	11	N1	1	4	0	70
11N11	11	N1	1	5	1	70
11N11	11	N1	1	6	1	70
11N11	11	N1	1	7	0	70
11N11	11	N1	1	8	1	80
11N11	11	N1	1	9	0	80
11N11	11	N1	1	10	1	80
11N11	11	N1	1	11	1	80
11N11	11	N1	1	12	0	70
11N11	11	N1	1	13	0	80
11N11	11	N1	1	14	0	80
11N11	11	N1	1	15	0	80
11N11	11	N1	1	16	1	80
11N11	11	N1	1	17	0	80
11N11	11	N1	1	18	0	80
11N11	11	N1	1	19	1	80
11N11	11	N1	1	20	1	80
11N11	11	N1	1	21	1	60
11N11	11	N1	1	22	0	50
11N11	11	N1	1	23	1	60
11N11	11	N1	1	24	0	60
11N11	11	N1	1	25	1	60
11N11	11	N1	1	26	1	60
11N11	11	N1	1	27	0	50
11N11	11	N1	1	28	0	50
11N11	11	N1	1	29	0	60
11N11	11	N1	1	30	1	80
11N12	11	N1	2	1	1	25
11N12	11	N1	2	2	0	12
11N12	11	N1	2	3	1	40
11N12	11	N1	2	4	0	50
11N12	11	N1	2	5	1	60
11N12	11	N1	2	6	1	70
11N12	11	N1	2	7	1	70
11N12	11	N1	2	8	0	60
11N12	11	N1	2	9	1	70
11N12	11	N1	2	10	0	70
11N12	11	N1	2	11	1	70
11N12	11	N1	2	12	1	70
11N12	11	N1	2	13	0	60
11N12	11	N1	2	14	0	80
11N12	11	N1	2	15	1	80
11N12	11	N1	2	16	0	80
11N12	11	N1	2	17	0	70
11N12	11	N1	2	18	0	70
11N12	11	N1	2	19	0	70
11N12	11	N1	2	20	0	80
11N12	11	N1	2	21	0	80
11N12	11	N1	2	22	0	50
11N12	11	N1	2	23	0	60
11N12	11	N1	2	24	0	70
11N12	11	N1	2	25	1	80
11N12	11	N1	2	26	1	80
11N12	11	N1	2	27	0	60
11N12	11	N1	2	28	1	70
11N12	11	N1	2	29	0	60
11N12	11	N1	2	30	0	60
11N21	11	N2	1	1	0	20
11N21	11	N2	1	2	0	20
11N21	11	N2	1	3	0	50
11N21	11	N2	1	4	0	80
11N21	11	N2	1	5	0	80
11N21	11	N2	1	6	0	80
11N21	11	N2	1	7	0	80
11N21	11	N2	1	8	1	80
11N21	11	N2	1	9	1	60
11N21	11	N2	1	10	0	60
11N21	11	N2	1	11	1	60
11N21	11	N2	1	12	1	60
11N21	11	N2	1	13	1	60
11N21	11	N2	1	14	0	60
11N21	11	N2	1	15	0	60
11N21	11	N2	1	16	1	70
11N21	11	N2	1	17	0	70
11N21	11	N2	1	18	0	80
11N21	11	N2	1	19	1	80
11N21	11	N2	1	20	1	70
11N21	11	N2	1	21	1	70
11N21	11	N2	1	22	0	70
11N21	11	N2	1	23	1	80
11N21	11	N2	1	24	0	80
11N21	11	N2	1	25	1	80
11N21	11	N2	1	26	1	80
11N21	11	N2	1	27	1	80
11N21	11	N2	1	28	1	80
11N21	11	N2	1	29	1	80
11N21	11	N2	1	30	0	80
11N22	11	N2	2	1	0	20
11N22	11	N2	2	2	0	20
11N22	11	N2	2	3	0	50
11N22	11	N2	2	4	0	60
11N22	11	N2	2	5	0	70
11N22	11	N2	2	6	1	80
11N22	11	N2	2	7	1	80
11N22	11	N2	2	8	1	80
11N22	11	N2	2	9	1	80
11N22	11	N2	2	10	1	70
11N22	11	N2	2	11	1	70
11N22	11	N2	2	12	0	70
11N22	11	N2	2	13	1	80
11N22	11	N2	2	14	0	80
11N22	11	N2	2	15	0	80
11N22	11	N2	2	16	1	80
11N22	11	N2	2	17	1	80
11N22	11	N2	2	18	1	80
11N22	11	N2	2	19	1	60
11N22	11	N2	2	20	0	50
11N22	11	N2	2	21	1	60
11N22	11	N2	2	22	0	60
11N22	11	N2	2	23	0	70
11N22	11	N2	2	24	1	70
11N22	11	N2	2	25	0	70
11N22	11	N2	2	26	0	80
11N22	11	N2	2	27	1	80
11N22	11	N2	2	28	0	80
11N22	11	N2	2	29	1	80
11N22	11	N2	2	30	1	80
12D11	12	D1	1	1	0	50
12D11	12	D1	1	2	1	64
12D11	12	D1	1	3	0	64
12D11	12	D1	1	4	0	33
12D11	12	D1	1	5	0	80
12D11	12	D1	1	6	0	64
12D11	12	D1	1	7	0	40
12D11	12	D1	1	8	0	64
12D11	12	D1	1	9	1	55
12D11	12	D1	1	10	0	100
12D11	12	D1	1	11	0	64
12D11	12	D1	1	12	0	90
12D11	12	D1	1	13	1	77
12D11	12	D1	1	14	1	77
12D11	12	D1	1	15	1	64
12D11	12	D1	1	16	1	64
12D11	12	D1	1	17	0	64
12D11	12	D1	1	18	1	77
12D11	12	D1	1	19	1	120
12D11	12	D1	1	20	1	120
12D11	12	D1	1	21	1	120
12D11	12	D1	1	22	1	64
12D11	12	D1	1	23	1	120
12D11	12	D1	1	24	0	64
12D11	12	D1	1	25	1	88
12D11	12	D1	1	26	0	77
12D11	12	D1	1	27	0	120
12D11	12	D1	1	28	1	64
12D11	12	D1	1	29	1	100
12D11	12	D1	1	30	1	64
12D12	12	D1	2	1	1	100
12D12	12	D1	2	2	0	64
12D12	12	D1	2	3	1	99
12D12	12	D1	2	4	0	64
12D12	12	D1	2	5	0	99
12D12	12	D1	2	6	1	45
12D12	12	D1	2	7	1	50
12D12	12	D1	2	8	0	64
12D12	12	D1	2	9	1	120
12D12	12	D1	2	10	1	100
12D12	12	D1	2	11	1	64
12D12	12	D1	2	12	1	64
12D12	12	D1	2	13	0	64
12D12	12	D1	2	14	1	88
12D12	12	D1	2	15	0	99
12D12	12	D1	2	16	1	120
12D12	12	D1	2	17	1	64
12D12	12	D1	2	18	1	55
12D12	12	D1	2	19	1	55
12D12	12	D1	2	20	0	100
12D12	12	D1	2	21	1	69
12D12	12	D1	2	22	0	71
12D12	12	D1	2	23	0	23
12D12	12	D1	2	24	1	64
12D12	12	D1	2	25	0	48
12D12	12	D1	2	26	1	115
12D12	12	D1	2	27	0	101
12D12	12	D1	2	28	0	79
12D12	12	D1	2	29	1	103
12D12	12	D1	2	30	0	80
12D21	12	D2	1	1	1	75
12D21	12	D2	1	2	0	99
12D21	12	D2	1	3	0	64
12D21	12	D2	1	4	1	120
12D21	12	D2	1	5	1	70
12D21	12	D2	1	6	0	88
12D21	12	D2	1	7	1	110
12D21	12	D2	1	8	1	64
12D21	12	D2	1	9	0	79
12D21	12	D2	1	10	1	88
12D21	12	D2	1	11	0	64
12D21	12	D2	1	12	0	120
12D21	12	D2	1	13	1	99
12D21	12	D2	1	14	0	69
12D21	12	D2	1	15	0	77
12D21	12	D2	1	16	0	100
12D21	12	D2	1	17	0	64
12D21	12	D2	1	18	0	79
12D21	12	D2	1	19	1	44
12D21	12	D2	1	20	0	20
12D21	12	D2	1	21	0	90
12D21	12	D2	1	22	0	64
12D21	12	D2	1	23	1	59
12D21	12	D2	1	24	1	85
12D21	12	D2	1	25	1	122
12D21	12	D2	1	26	1	117
12D21	12	D2	1	27	1	115
12D21	12	D2	1	28	1	100
12D21	12	D2	1	29	0	90
12D21	12	D2	1	30	1	78
12D22	12	D2	2	1	1	75
12D22	12	D2	2	2	1	100
12D22	12	D2	2	3	1	64
12D22	12	D2	2	4	1	99
12D22	12	D2	2	5	1	64
12D22	12	D2	2	6	1	65
12D22	12	D2	2	7	0	68
12D22	12	D2	2	8	1	120
12D22	12	D2	2	9	1	99
12D22	12	D2	2	10	1	64
12D22	12	D2	2	11	1	64
12D22	12	D2	2	12	0	44
12D22	12	D2	2	13	1	88
12D22	12	D2	2	14	0	64
12D22	12	D2	2	15	1	110
12D22	12	D2	2	16	1	90
12D22	12	D2	2	17	1	64
12D22	12	D2	2	18	0	25
12D22	12	D2	2	19	1	77
12D22	12	D2	2	20	1	77
12D22	12	D2	2	21	0	33
12D22	12	D2	2	22	0	59
12D22	12	D2	2	23	1	111
12D22	12	D2	2	24	1	111
12D22	12	D2	2	25	1	111
12D22	12	D2	2	26	0	64
12D22	12	D2	2	27	0	64
12D22	12	D2	2	28	1	111
12D22	12	D2	2	29	0	111
12D22	12	D2	2	30	1	64
12N11	12	N1	1	1	1	50
12N11	12	N1	1	2	1	64
12N11	12	N1	1	3	0	30
12N11	12	N1	1	4	1	64
12N11	12	N1	1	5	1	64
12N11	12	N1	1	6	1	64
12N11	12	N1	1	7	1	120
12N11	12	N1	1	8	1	99
12N11	12	N1	1	9	1	64
12N11	12	N1	1	10	0	64
12N11	12	N1	1	11	1	77
12N11	12	N1	1	12	1	77
12N11	12	N1	1	13	1	64
12N11	12	N1	1	14	0	33
12N11	12	N1	1	15	0	41
12N11	12	N1	1	16	1	64
12N11	12	N1	1	17	1	64
12N11	12	N1	1	18	1	100
12N11	12	N1	1	19	0	64
12N11	12	N1	1	20	0	38
12N11	12	N1	1	21	1	64
12N11	12	N1	1	22	1	110
12N11	12	N1	1	23	1	64
12N11	12	N1	1	24	0	30
12N11	12	N1	1	25	0	33
12N11	12	N1	1	26	1	64
12N11	12	N1	1	27	0	64
12N11	12	N1	1	28	0	64
12N11	12	N1	1	29	1	99
12N11	12	N1	1	30	1	88
12N12	12	N1	2	1	0	44
12N12	12	N1	2	2	0	64
12N12	12	N1	2	3	1	77
12N12	12	N1	2	4	0	64
12N12	12	N1	2	5	1	50
12N12	12	N1	2	6	1	29
12N12	12	N1	2	7	0	64
12N12	12	N1	2	8	1	99
12N12	12	N1	2	9	1	64
12N12	12	N1	2	10	1	120
12N12	12	N1	2	11	1	120
12N12	12	N1	2	12	0	64
12N12	12	N1	2	13	0	64
12N12	12	N1	2	14	0	64
12N12	12	N1	2	15	1	99
12N12	12	N1	2	16	1	99
12N12	12	N1	2	17	1	64
12N12	12	N1	2	18	0	64
12N12	12	N1	2	19	1	99
12N12	12	N1	2	20	1	64
12N12	12	N1	2	21	1	44
12N12	12	N1	2	22	1	64
12N12	12	N1	2	23	0	44
12N12	12	N1	2	24	0	64
12N12	12	N1	2	25	1	88
12N12	12	N1	2	26	1	88
12N12	12	N1	2	27	0	64
12N12	12	N1	2	28	0	111
12N12	12	N1	2	29	0	64
12N12	12	N1	2	30	0	77
12N21	12	N2	1	1	1	77
12N21	12	N2	1	2	1	64
12N21	12	N2	1	3	0	33
12N21	12	N2	1	4	1	64
12N21	12	N2	1	5	1	64
12N21	12	N2	1	6	0	64
12N21	12	N2	1	7	1	77
12N21	12	N2	1	8	0	77
12N21	12	N2	1	9	1	39
12N21	12	N2	1	10	0	99
12N21	12	N2	1	11	0	64
12N21	12	N2	1	12	1	64
12N21	12	N2	1	13	1	64
12N21	12	N2	1	14	0	64
12N21	12	N2	1	15	1	88
12N21	12	N2	1	16	1	90
12N21	12	N2	1	17	0	64
12N21	12	N2	1	18	1	64
12N21	12	N2	1	19	0	64
12N21	12	N2	1	20	0	100
12N21	12	N2	1	21	0	45
12N21	12	N2	1	22	1	64
12N21	12	N2	1	23	1	64
12N21	12	N2	1	24	1	64
12N21	12	N2	1	25	1	64
12N21	12	N2	1	26	0	88
12N21	12	N2	1	27	0	79
12N21	12	N2	1	28	0	64
12N21	12	N2	1	29	0	55
12N21	12	N2	1	30	1	88
12N22	12	N2	2	1	0	70
12N22	12	N2	2	2	0	64
12N22	12	N2	2	3	0	77
12N22	12	N2	2	4	0	33
12N22	12	N2	2	5	1	48
12N22	12	N2	2	6	1	64
12N22	12	N2	2	7	1	90
12N22	12	N2	2	8	1	99
12N22	12	N2	2	9	1	99
12N22	12	N2	2	10	1	99
12N22	12	N2	2	11	0	64
12N22	12	N2	2	12	1	71
12N22	12	N2	2	13	1	99
12N22	12	N2	2	14	1	99
12N22	12	N2	2	15	1	99
12N22	12	N2	2	16	1	99
12N22	12	N2	2	17	1	98
12N22	12	N2	2	18	1	76
12N22	12	N2	2	19	0	77
12N22	12	N2	2	20	0	64
12N22	12	N2	2	21	0	76
12N22	12	N2	2	22	1	42
12N22	12	N2	2	23	1	55
12N22	12	N2	2	24	0	64
12N22	12	N2	2	25	1	101
12N22	12	N2	2	26	1	87
12N22	12	N2	2	27	1	100
12N22	12	N2	2	28	0	64
12N22	12	N2	2	29	1	100
12N22	12	N2	2	30	1	99
